Eulogy Belgian Tavern	39.948202	-75.143817	136 Chestnut Street	(215) 413-1918	5:00 pm	7:00 pm	$3 Stella, Leffe, & Hoegaarden
Standard Tap	39.964140	-75.140477	901 N 2nd Street	215-238-0630	4:00 pm	6:00 pm	1/2 off weekly featured cocktail (rotating), 1/2 off weekly featured brewery beers (rotating), discount happy hour snacks
Bainbridge Street Barrel House	39.951125	-75.171573	625-27 S. 6th Street	267-324-3553	4:30 pm	6:30 pm	1/2 price drafts; $5 glasses of chardonnay and cabernet
Cavanaugh's Rittenhouse	39.961716	-75.148100	1823 Sansom Street	215-665-9500	11:30 am	12:00 am	$3.75 Bud Light Bottles; 1/2 Price Cheesesteaks
Cavanaugh's Rittenhouse	39.961716	-75.148100	1823 Sansom Street	215-665-9500	5:00 pm	7:00 pm	$2 off beer, wine and mixed drinks; half priced pub menu
12 Steps Down	39.952509	-75.160616	831 Christian Street	215-238-0379	11:00 am	3:00 pm	$3 Bloody Mary's & Mimosas
12 Steps Down	39.952509	-75.160616	831 Christian Street	215-238-0379	5:00 pm	7:00 pm	Discounted drinks
13 Restaurant	39.939034	-75.157629	1201 Market Street	215-625-6795	5:00 pm	7:00 pm	$3 All Drafts, $5 Cosmos
1518 Bar and Grill	39.950232	-75.166639	1518 Sansom Street	267-639-6851	5:00 pm	7:00 pm	$1 Off All Beer, $5 Merlot and Chardonnay, $5 Well Drinks
2nd Story Brewing	39.948474	-75.143556	117 Chestnut Street	267-314-5770	11:30 am	2:00 am	$4 Select Drafts, $7.50 Flights
2nd Street Brew House	39.962069	-75.141417	1700 S 2nd Street	267-687-7964	4:00 pm	6:00 pm	$3 select drafts & discounted food
700, The	39.926636	-75.149383	700 N 2nd Street	215-413-3181	5:00 pm	7:00 pm	$1 off everything
a.bar	39.950676	-75.168538	135 S 18th Street	215-825-7035	4:00 pm	6:00 pm	$4 Rotating Draft Beer; $1.50 Rotating Oyster in the Half Shell; $10 Raw Bar Tasting of 2 Items; $9 Cheese Plate; $8 House-Crafted Punch; $8 Select Red or White Wine
Abbaye	39.950365	-75.170436	637 N. 3rd Street	215-627-6711	4:00 pm	6:00 pm	$2 Off Drafts; $3 Wells; $5 Wines; Nothing Over $5 Happy Hour Menu
Abe Fisher	39.926059	-75.167666	1623 Sansom Street	215-867-0088	5:00 pm	7:00 pm	$5 Bites $7 Select Cocktails and Wine
Adobe Cafe - South Philly	39.962210	-75.142918	1919 E. Passyunk Avenue	215-551-2243	4:30 pm	6:30 pm	$2 off house Margaritas, $1 Off mixed drinks and beers, $0.45 wings, $4-5 food menu
Aki	39.948699	-75.161149	1210 Walnut Street	215-985-1838	4:30 pm	7:00 pm	$3 beer, $4 wine and $6 specialty cocktails and sake
Alla Spina	39.964348	-75.161465	1410 Mount Vernon Street	215-600-0017	4:30 pm	6:30 pm	$3 Brooklyn cans and Fernet Branca shots, half off select local drafts, $4 Deschutes Mirror Pond bottles, $6 select wines and $7 Negroni on tap; special snack menu
Alma de Cuba	39.949672	-75.152562	1623 Walnut Street	215-988-1799	4:00 pm	7:00 pm	$6 Select Cocktails and $6 Select Tapas in Downstairs Lounge and Bar
Amada	39.950081	-75.168526	217 Chestnut Street	215-625-2450	5:00 pm	7:00 pm	$4 beers, $5 Sangria. $6 wines and $8 cocktails; $5 tapas
American Sardine Bar	39.948677	-75.144856	1800 Federal Street	215-334-2337	4:00 pm	6:00 pm	Half off select cans, a boilermaker of the week and select food menu
Aqua	39.936594	-75.173741	705 Chestnut Street	215-928-2838	4:00 pm	7:00 pm	$3 Beer, $4 Wine, $5 Apps, $6 Cocktails
Atlantis	39.948777	-75.145673	2442 Frankford Avenue	215-739-4929	5:00 pm	7:00 pm	$0.50 Off All Drinks.
B Side Lounge	39.953506	-75.192435	241 Chestnut Street	484-388-1300	5:00 pm	7:00 pm	$2 Domestic Bottles, $4 Select Wines, $5 Daily Cocktail, $6 Margherita Pizza
B Side Lounge	39.953506	-75.192435	241 Chestnut Street	484-388-1300	10:00 pm	2:00 am	$4 Coronas, $5 Apple Martinis, $8 Tokyo Teas
Baby Blues BBQ	39.948774	-75.142173	3402 Sansom Street	215-222-4444	11:30 am	10:00 pm	1/2 Price Bottles of Wine
Baby Blues BBQ	39.948774	-75.142173	3402 Sansom Street	215-222-4444	4:00 pm	6:00 pm	$3 Drafts, $4 Well Drinks, $5 Glasses of House Wine
Baggataway Tavern	39.947939	-75.164239	31 N. Front Street	610-834-8085	5:00 pm	7:00 pm	$3 select craft drafts and free wings
Baggataway Tavern	39.947939	-75.164239	31 N. Front Street	610-834-8085	7:00 pm	12:00 am	$3 Heineken, Heineken Light, and Amstel Light
Bainbridge Street Barrel House	39.951125	-75.171573	625-27 S. 6th Street	267-324-3553	4:30 pm	6:30 pm	1/2 price drafts; $5 glasses of chardonnay and cabernet
Balcony at the Doubletree	39.951685	-75.160667	237 S. Broad Street	215-893-1600	4:00 pm	6:00 pm	$4 Wines & Cocktails
Bank & Bourbon	39.962834	-75.167206	1200 Market Street	215-231-7300	5:00 pm	6:00 pm	Choose from 2 Tapas-Style Appetizers and 3 Cocktails for $5.50 Each; $5 Local Drafts
Bar Hygge	39.950019	-75.162380	1720 Spring Garden Avenue	215 765-2274	4:00 pm	6:00 pm	Discounted House Made Beer $5 Specialty Snacks
Bar Philadelphia	39.953789	-75.157833	1309 Sansom Street		5:00 pm	7:00 pm	$1 Off All Drafts, $2 PBRs & Narragansetts, $4 Picklebacks & Fireballs
Bar-Ly	39.982549	-75.126796	101 N. 11th Street	215-922-2688	3:30 pm	6:30 pm	$3.25 domestic bottles; $3.50 import bottles; $3 draft beer; $4.25 cocktails; $4 martinis; $3.50 house red and white wines; $3.50 small carafe sake; $6.25 large carafe sake; $5 wine flights; $1.25 skewers, steamers, Raw Bar; $3/$3.50 snacks
Bar-Ly	39.982549	-75.126796	101 N. 11th Street	215-922-2688	10:00 pm	12:00 am	$3.25 domestic bottles; $3.50 import bottles; $3 draft beer; $4.25 cocktails; $4 martinis; $3.50 house red and white wines; $3.50 small carafe sake; $6.25 large carafe sake; $5 wine flights; $1.25 skewers, steamers, Raw Bar; $3/$3.50 snacks
Barbuzzo	39.950007	-75.162158	110 S. 13th Street	215-546-9300	10:30 pm	12:00 am	$4 draft beer, $5 glasses of Sangria, $6 glasses of wine, $10 dishes
Barcade	39.967452	-75.134625	1114 Frankford Avenue	215-634-4400	4:00 pm	7:00 pm	$7 Fishermanâ€™s brew and Jim Beam shots, $1 off beer and well drinks
Barclay Prime	39.948562	-75.170651	237 S. 18th Street	215-732-7560	5:00 pm	6:30 pm	Lounge Only: $6 Select Cocktails
Bards, The	39.950745	-75.174202	2013 Walnut Street	215-569-9585	12:00 pm	11:00 pm	$8 burgers and $4 select beers; Monday Night Movie at 8 PM.
Bards, The	39.950745	-75.174202	2013 Walnut Street	215-569-9585	5:00 pm	8:00 pm	$3 Miller Lite & Yuengling drafts, $4 select craft beers, $5 house wines and well drinks; $4, $5 and $6 food menu
Barra	39.948818	-75.145654	239 Chestnut Street	215-238-6900	11:00 am	4:00 pm	$10 Brick Oven Burger & Beer Special (or soda)
Barra	39.948818	-75.145654	239 Chestnut Street	215-238-6900	5:00 pm	7:00 pm	$2 Domestic Bottles, $4 Select Wines, $5 Daily Cocktail, $6 Margherita Pizza
Barra	39.948818	-75.145654	239 Chestnut Street	215-238-6900	10:00 pm	2:00 am	$4 Coronas, $5 Apple Martinis, $8 Tokyo Teas
Barra Rossa	40.024592	-75.221045	929 Walnut Street	215-644-9074	4:00 pm	10:00 pm	1/2 off All Pizzas; $10 Peroni Pitchers
Bayou Bar and Grill	39.948561	-75.157180	4245 Main Street	215-482-2560	11:00 am	2:00 am	$1.75 Miller Lite bottles, 25-cent Wings, 50-cent Boneless Wings and $1.75 Hardshell Crabs
Bierstube	39.928655	-75.165184	206 Market Street	215-922-2958	5:00 pm	2:00 am	Citywide Canada $5.99 - Shot of Fireball + Can of Moosehead; Citywide Germany $5.99 - Shot of Jagermeister + DAB Pounder; Citywide Philly $5.99 Shot of Jimmy Beam + PBR Pounder. Industry discount: Show you work in hospitality industry and special price is only $5
Bierstube	39.928655	-75.165184	206 Market Street	215-922-2958	5:00 pm	7:00 pm	Select craft and German draft beers: $3.99 for 14oz, $7.99 for liter
Birra	39.949749	-75.144149	1700 E. Passyunk Avenue	267-324-3127	4:00 pm	6:00 pm	$3 Red or White 12" Cheese Pizzas; 1/2 Price Pints; $5 Birra Margaritas
Bishop's Collar	39.967571	-75.176882	2349 Fairmount Avenue	215-765-1616	5:00 pm	7:00 pm	$1 off everything; daily food specials
Black Sheep	39.948440	-75.169271	247 S. 17th Street	(215) 545-9473	4:00 pm	7:00 pm	$5 Apps, Discounted Drinks
Blind Pig, The	39.970471	-75.134725	702 N. 2nd Street	267-639-4565	4:30 pm	6:30 pm	$1 off drafts; $4 mixed well drinks; $5 house wine; $5 nachos, wings, chicken or veggie quesadillas; $3 corn dogs; half price mussels until 8 PM
Bonners Irish Public	39.962124	-75.141405	120 S 23rd Street	(215) 567-5748	5:00 pm	7:00 pm	$2.25 draft pints, $4 wells and $6 PBR pitchers
Bottle Bar East	40.024261	-75.222190	1308 Frankford Avenue	267-909-8867	5:00 pm	7:00 pm	Half-Off Drafts and Wine, $3 Well Drinks, Half-Off Apps, $2 Off Sandwiches
Bourbon Blue	39.951914	-75.178333	Number 2 Rector Street	(215) 508-3360	5:30 pm	7:30 pm	$4 drafts, $5 house wines, $6 specialty cocktails
Brauhaus Schmitz	39.942067	-75.154588	718 South Street	267-909-8814	5:00 pm	7:00 pm	$4 drafts; $4 house-made sausage sandwiches
Bridget Foy's	40.084774	-75.250585	200 South Street	215-922-1813	5:00 pm	7:00 pm	$3 Yeungling & PBC Kenzinger Drafts, Fried Pickles, & Deviled Eggs; $5 Blood Orange Bellini's, Sangrias, House Wines, Risotto Cakes, & Artichoke Hummus; $5 Well Drinks, Cheesesteak Croquettes, Chipotle Chicken Wings, & Lamb Meatballs; $15 Sangria Pitchers
Bridget Foy's	40.084774	-75.250585	200 South Street	215-922-1813	8:00 pm	9:00 pm	$3 Yeungling & PBC Kenzinger Drafts, Fried Pickles, & Deviled Eggs; $5 Blood Orange Bellini's, Sangrias, House Wines, Risotto Cakes, & Artichoke Hummus; $5 Well Drinks, Cheesesteak Croquettes, Chipotle Chicken Wings, & Lamb Meatballs; $15 Sangria Pitchers
Bridgid's	39.941114	-75.145825	726 N 24th St	(215) 232-3232	4:00 pm	7:00 pm	$4 select drafts, well drinks and house wines; $5 plates and $12 fresh pastas
Brittingham's	39.968484	-75.176978	640 E. Germantown Pike	610-828-7351	4:00 pm	6:30 pm	$2 off all well drinks and $3 rotating drafts
Brownies Irish Pub	39.950472	-75.162568	46 S 2nd Street	(215) 238-1222	4:00 pm	6:00 pm	Half off select drafts and $1 off bottle beers and mixed drinks
BRU Craft & Wurst	39.948834	-75.144127	1318 Chestnut Street	215-800-1079	4:00 pm	7:00 pm	$4 drafts and craft cans, $5 house wines and house liquor; $5 starters and wurst sandwiches; Early Bird Special: from 4-5 PM all regular specials apply, plus 20% off all big bottles (500mL) and single malt Scotch
Buffalo Billiards	39.984148	-75.098732	118 Chestnut St	(215) 574-7665	6:00 pm	8:00 pm	$3 All Drafts; $4 Well Drinks; Half-Price Apps
Buffalo Billiards	39.984148	-75.098732	118 Chestnut St	(215) 574-7665	9:00 pm	2:00 am	Free pool and discounted drinks
Byrnes Tavern	39.950809	-75.174120	3301 Richmond St	(215) 423-3444	4:00 pm	6:00 pm	1/2 price select nibblers
Byrnes Tavern	39.950809	-75.174120	3301 Richmond St	(215) 423-3444	6:30 pm	11:30 pm	25% off wings
Cactus	39.947994	-75.143328	4243 Main Street		11:00 am	12:00 am	$10 Margarita pitchers and $8.95 Fajitas
Cafe at 2011	40.024563	-75.220996	2011 Walnut St	(215) 568-5603	5:00 pm	7:00 pm	$4 Yards, $5 House Wines, $6 Seasonal Cocktails
Cambridge, The	39.964820	-75.140232	1508 South Street	267-455-0647	4:00 pm	6:00 pm	1/2 Price 16-oz. Pints
Cantina Dos Segundos	39.943757	-75.167605	931 N. 2nd Street	215-629-0500	4:00 pm	6:00 pm	$2 Off Drafts, $2 Mexican Beers, $20 Pitchers, $5.50 Margaritas or Sangrias
Cantina Feliz	40.136291	-75.213552	424 S. Bethleham Pike	215-646-1320	5:00 pm	7:00 pm	$2 Dos Equis, $3 Craft Beer, $4 House Wine, Red/White Sangria, $5 Feliz Margaritas, $2 Off Specialty Cocktails, $5 Food Menu
Cantina Los Caballitos	39.928884	-75.164397	1651 East Passyunk Avenue		4:00 pm	6:00 pm	1/2 Off Classic Margaritas and Pitchers; 1/2 Off Sangria; $2 Off Draft Beers; $2.50 Tecates
Caribou Cafe	39.948681	-75.160331	1126 Walnut St	215-625-9535	4:00 pm	6:00 pm	$3 select beers, $4 house wines, $5 well drinks
Carol's Place	40.079406	-75.304900	201 West 6th Avenue	610-834-9384	5:00 pm	7:00 pm	$3 domestic bottles; $4 import bottles; $2.75 mixed drinks (singles); $5.50 mixed drinks (doubles); $2 pints; free pool
Cavanaugh's Headhouse Square	39.954432	-75.199878	421 S 2nd Street	(215) 928-9307	2:30 pm	12:00 am	Monday Night Football Special: $12 All-You-Can-Eat Wings (Blue Cheese and Celery Extra)
Cavanaugh's Headhouse Square	39.954432	-75.199878	421 S 2nd Street	(215) 928-9307	7:00 pm	9:00 pm	$2 Off Everything
Cavanaugh's Rittenhouse	39.961716	-75.148100	1823 Sansom Street	215-665-9500	11:30 am	12:00 am	$3.75 Bud Light Bottles; 1/2 Price Cheesesteaks
Cavanaugh's Rittenhouse	39.961716	-75.148100	1823 Sansom Street	215-665-9500	5:00 pm	7:00 pm	$2 off beer, wine and mixed drinks; half priced pub menu
Cavanaugh's University City	39.976842	-75.127764	119 S. 39th Street	215-386-4889	11:00 am	12:00 am	$3.95 rotating pints and $6 select mixed drinks
Cavanaugh's University City	39.976842	-75.127764	119 S. 39th Street	215-386-4889	4:00 pm	12:00 am	$6 Margaritas and chicken sandwiches or burgers, $15 large one-topping pizza and a dozen wings
Cavanaugh's University City	39.976842	-75.127764	119 S. 39th Street	215-386-4889	5:00 pm	7:00 pm	$2.75 domestic drafts, $3.95 craft and import pints, $2 off other drinks and bottles; 25% all appetizers
Cedar Point Bar & Kitchen	39.949513	-75.161728	2370 E. Norris Street	215-423-5400	10:00 pm	12:00 am	$1 off Old Standbys and house wines, $2 off Moscow Mule and Dark and Stormy cocktails, $8 oak-aged Negronis, $9 Old Fashioneds; $2 off Fried Pickles and Piggies and Pretzels, $4 off Wings and Veggie Wings, and $3.50 lamb sliders
Chap's Taproom & Sports Grill	39.941168	-75.140514	2509 West Main Street	610-539-8722	11:00 am	2:00 am	$2.50 pints and $9 Pitchers of Coors Banquet
Chap's Taproom & Sports Grill	39.941168	-75.140514	2509 West Main Street	610-539-8722	4:00 pm	6:00 pm	Half price select drafts, $7 select pitchers, $1 off premium drafts, $3 well drinks, $3.50 Long Island Teas, $2 off all wines, and half price appetizers
Chap's Taproom & Sports Grill	39.941168	-75.140514	2509 West Main Street	610-539-8722	10:00 pm	2:00 am	25% Off Tab
Charlie was a sinner.	40.141032	-75.387305	131 South 13th Street	267-758-5372	4:00 pm	7:00 pm	
Charlie was a sinner.	40.141032	-75.387305	131 South 13th Street	267-758-5372	9:00 pm	12:00 am	Industry Night Specials 20% off 9pm-close
Chart House	39.911467	-75.174599	555 S. Columbus Boulevard	215-625-8383	4:30 pm	7:00 pm	$2.50 domestic bottles, $3.50 import and specialty bottles, $4 well drinks, $6 select wines and cocktails, $7 Martinis; $4-7 food menu
Cheu Noodle Bar	39.946751	-75.157548	255 S 10th Street	267-639-4136	5:00 am	6:30 am	$5 Food: Al Pastor Dumplings, Rangoon Dumplings, Wings, Tomato Salad, Chef Special  $6 Bartenders Cocktail $2 High Life's $1 Off Drafts $2 Off Wines
Chickie's and Pete's Crab House and Sports Bar	39.954776	-75.172084	1526 Packer Avenue	215-218-0500	10:00 pm	12:00 am	$7 specialty drinks, $5 personal pitchers, $3 domestic bottles and house mixed drinks, $2 off premium wines and liquors, $1 off all craft drafts
Chima Brazilian Steakhouse	39.950342	-75.165160	1901 JFK Blvd	(215) 541-5820	5:00 pm	7:00 pm	$5 craft beers, wines, Caipirinhas and appetizers
Chris' Jazz Cafe	39.942261	-75.144999	1421 Sansom Street	215-568-3131	5:00 pm	7:00 pm	$2 Coors Banquet Drafts
City Tap House	40.025445	-75.212984	3925 Walnut Street	(215) 662-0105	4:00 pm	12:00 am	Flight Night: $10 Select Flights
City Tap House	40.025445	-75.212984	3925 Walnut Street	(215) 662-0105	5:00 pm	7:00 pm	$2 Off All Drafts and House Wine
CJ & Ecks	39.954359	-75.201275	384 Shurs Lane	(215) 487-9601	4:00 pm	6:00 pm	$2 Domestics & $3 Micro/Imports
CJ & Ecks	39.954359	-75.201275	384 Shurs Lane	(215) 487-9601	6:00 pm	10:00 pm	All crafts and import drafts are half price
Con Murphy's	39.955705	-75.168214	1700 Benjamin Franklin Parkway	(267) 687-1128	4:00 pm	6:00 pm	$3 house pints, $4 select pints and well drinks, and $2 off all wines; $5 apps
Continental Midtown	39.949679	-75.143560	1801 Chestnut Street	215-567-1800	5:00 pm	7:00 pm	$5 select wines, $3 Miller Lite, 1/2 price regular cocktails, discounted specialty cocktails, 1/2 select plates
Continental Old City	39.951894	-75.170451	138 Market Street	(215) 923-6069	5:00 pm	7:00 pm	$3 Drafts, $4 Wines, $5 Specialty Cocktails, $1-$2 Tapas Bites
Cook and Shaker	39.982574	-75.120508	2301 E. Albert Street	215-426-2665	5:00 pm	7:00 pm	Draft specials and half off appetizers
Cooperage Wine & Whiskey Bar	39.948228	-75.151922	601 Walnut Street	(215) 226-2667	4:00 pm	7:00 pm	$4 Draft Beers; $5 Glasses of Wine; $6 Mixed Drinks
Copabanana South Street	39.941481	-75.148994	344 South Street	215-923-6180	4:00 pm	8:00 pm	Margarita Monday, classic margarita is only $5
Copabanana South Street	39.941481	-75.148994	344 South Street	215-923-6180	4:00 pm	7:00 pm	$5 appetizers, Mojitos and Margaritas,$4 call drinks and $3 well drinks
Copabanana University City	40.024761	-75.221281	4000 Spruce Street	215-382-1330	12:00 pm	9:00 pm	$5 Margaritas
Copabanana University City	40.024761	-75.221281	4000 Spruce Street	215-382-1330	5:00 pm	7:00 pm	$3 and $4 draft beers, $3 well cocktails and $6 nachos and chicken and veggie quesadillas
Couch Tomato, The	39.951492	-75.203210	102 Rector Street	215-483-2233	4:30 pm	6:30 pm	Ask about the daily craft beer special
Couch Tomato, The	39.951492	-75.203210	102 Rector Street	215-483-2233	6:30 pm	10:00 pm	$5 mussels and an IPA special
Crime & Punishment Brewing Company	39.974458	-75.180840	2711 W Girard Avenue	215-235-2739	4:00 pm	7:00 pm	$1 off all beers $5 Kielbasa Sandwiches
Cuba Libre	40.022071	-75.040069	10 S 2nd Street	(215) 627-0666	5:00 pm	7:00 pm	$5 cocktails, $4 Sangria, $4 select wines and beers; $4, $5 and $6 small bites
Curran's Irish Inn	39.951011	-75.170732	6900 State Road	215-331-8628	4:00 pm	6:00 pm	$2.25 domestic drafts and $2.75 domestic bottles
Dandelion	39.949595	-75.143972	124 18th St	(215) 558-2500	5:00 pm	7:00 pm	$2 Snacks, $3 Select Drafts, $4 House Wines, All at Downstairs Bar Only
Dave & Buster's	39.956143	-75.138413	325 N Columbus Blvd	215-413-1951	8:00 pm	10:00 pm	Half-priced cocktails, $1 off 22oz drafts and glasses of wine, and $3 off bottles of wine
Davio's Northern Italian Steakhouse	39.951166	-75.168631	111 S 17th Street	215-563-4810	5:00 pm	7:00 pm	$5 Martinis, discounted draft beer and wines by the glass, complimentary hor'dourves
Dawson Street Pub	40.018532	-75.212762	100 Dawson Street	215-482-5677	5:00 pm	7:00 pm	Half price draft beers and special Happy Hour food menu
Dawson Street Pub	40.018532	-75.212762	100 Dawson Street	215-482-5677	7:00 pm	12:00 am	$2 Yuengling Light bottles, $4 jumbo wings
Devil's Alley	39.952118	-75.172216	1907 Chestnut Street	215-751-0707	5:00 pm	7:00 pm	$3 featured drafts, $3 wine, $4 well drinks, $5 and under appetizers, $2 Yuenglings, $5 Sangrias
Devil's Den	39.935764	-75.162074	1148-1150 S. 11th Street	(215) 339-0855	5:00 pm	7:00 pm	1/2 Price Drafts & Tapas Menu
Devon Seafood Grill	39.949239	-75.170702	225 S. 18th Street	215-546-5940	5:00 pm	7:00 pm	$1 off draft and bottled beer, $7.50 house wines, select cocktails and martinis; $7 appetizer menu and Buck a Shuck oysters (4-7 PM)
Dirty Frank's	39.936843	-75.154707	347 South 13th Street	215-732-5010	5:00 pm	7:00 pm	Food and drink specials
Dive	39.945463	-75.162882	947 E. Passyunk Avenue	215-465-5505	5:00 pm	7:00 pm	Free Pizza, $2 Beer of the Week & Well Drinks
Dock Street Brewing Company	39.947681	-75.222707	701 South 50th Street	(215) 726-2337	4:00 pm	6:00 pm	$1 off House Brews, 10% off Small Pizzas
Doobies	39.946429	-75.178467	2201 Lombard Street	(215) 546-0316	3:00 pm	2:00 am	$5 Sly Fox can and shot of bourbon
Doobies	39.946429	-75.178467	2201 Lombard Street	(215) 546-0316	5:00 pm	7:00 pm	$0.50 off all drinks; $13 Flying Fish pitchers; $3 off pitchers
Draught Horse	39.952101	-75.172079	1431 Cecil B Moore Ave	(215) 235-1010	11:00 am	11:00 pm	$3 Bud Light 20oz drafts, $4 Landshark and Shock Top 16oz cans, $6 select flatbreads and $7 sele4ct wraps
Draught Horse	39.952101	-75.172079	1431 Cecil B Moore Ave	(215) 235-1010	3:00 pm	7:00 pm	$1 off all premium and craft beers, $2 off wine by the glass, $3 domestic drafts and bottles, $4 well drinks, and $5 Margs and Long Islands
Drinker's Pub	39.962853	-75.139891	1903 Chestnut Street	(215) 564-0914	5:30 pm	7:30 pm	All drinks half price
Druid's Keep	39.979097	-75.158995	149 Brown Street	215-413-0455	5:00 pm	7:00 pm	Food and drink specials
Earth - Bread + Brewery	39.967349	-75.140434	7136 Germantown Avenue	215-242-6666	4:30 pm	5:30 pm	$2 off all house drafts
El Bar	40.059132	-75.190476	1356 N. Front Street	215-634-6430	5:00 pm	7:00 pm	$2.50 Kenzinger drafts, $2.50 domestic bottles, $4 16 oz. well drinks
El Camino Real	39.971778	-75.135511	1040 N 2nd St	(215) 925-1110	5:00 pm	7:00 pm	1/2 Price margaritas (Glass and Pitchers)
El Rey	39.952252	-75.174024	2013 Chestnut St	(215) 563-3330	5:00 pm	6:30 pm	$1 Tacos, $2 Tecate Cans, $3 Modelos, $4 House Margaritas
Eulogy Belgian Tavern	39.948202	-75.143817	136 Chestnut Street	(215) 413-1918	5:00 pm	7:00 pm	$3 Stella, Leffe, & Hoegaarden
Fado Irish Pub	39.948253	-75.166626	1500 Locust Street	215-893-9700	4:00 pm	7:00 pm	$4 monthly rotating beer & $4 small plates
Fare	39.969378	-75.134453	2028 Fairmount Avenue	267-639-3063	5:00 pm	7:00 pm	$6 select cocktails, $4 house wines by the glass, $3 bottled beers and $1.50 off all draft beers, bar bites $3-8 and $1.50 oysters
Fette Sau	40.094126	-75.287895	1208 Frankford Avenue	215-391-4888	5:00 pm	7:00 pm	1/2 price beer; $5 Manhattans and Old Fashioneds; $4 smoked chicken legs; $4 burnt end sandwich
Field House	39.952616	-75.159445	1150 Filbert Street	215-629-1520	5:00 pm	7:00 pm	$4 select drafts, $5 select craft cocktails and $6 house wines
Fingers Wings and Other Things	39.949742	-75.160578	107 W Ridge Pike	610-828-6191	4:00 pm	6:00 pm	$1.50 off craft drafts, call drinks and wines, $1 off macro drafts and 1/2 price appetizers (excluding seafood)
Finn McCool's Ale House	40.074187	-75.305593	118 S 12th Street	(215) 923-3090	5:00 pm	7:00 pm	$4 all drafts, $4 wines, $4 well drinks; $6 select apps
Flanigan's Boathouse Conshohocken	39.967072	-75.171281	113 Fayette Street	610-828-2628	11:00 am	12:00 am	$3.25 Coors Light and Blue Moon drafts
Fluke's Irish Pub	40.027326	-75.028807	7401 State Road	215-338-4800	4:00 pm	7:00 pm	$1.50 Domestic Pints, $2.75 Domestic Bottles, $3 Well Drinks, 1/2 Price Appetizers
For Pete's Sake Pub	39.935494	-75.145412	900 South Front Street	(215) 462-2230	5:00 pm	7:00 pm	Drink specials; half off nachos and quesadillas, $6 Pierogies and chicken tenders
Fountain Porter	39.947583	-75.166559	1601 S. 10th Street		5:00 pm	7:00 pm	$1.50 off drafts
Fox & Hound Tavern	39.933432	-75.158631	1501 Spruce Street	215-732-8610	11:00 am	2:00 am	Tall Domestic Drafts for the Price of a Small
Fox & Hound Tavern	39.933432	-75.158631	1501 Spruce Street	215-732-8610	4:00 pm	7:00 pm	Half-Price Pizza
Garage	39.929480	-75.161386	1231-1233 E Passyunk Ave	215-278-2429	1:00 pm	3:00 pm	$2 PBR and Narragansett Lager $4 Pickle Back $4 Fireball Shot $1 off all draft beers
Garces Trading Company	39.947745	-75.159542	1111 Locust Street	215-574-1099	4:00 pm	6:00 pm	$5 and $6 food and drink specials
Goat's Beard, The	40.023822	-75.220134	4201 Main Street	267-323-2495	5:30 pm	7:00 pm	$3.50 drafts; $3.50 premium well cocktails; $5 select red & white wines
Good Dog Bar	40.025552	-75.223347	224 S 15th Street	(215) 985-9600	11:30 am	2:00 am	20% Off
Good Dog Bar	40.025552	-75.223347	224 S 15th Street	(215) 985-9600	5:00 pm	7:00 pm	$1 Off All Drinks
Grape Room	39.948781	-75.166298	105 Grape Street	215-930-0321	6:30 pm	2:00 am	$2 Lionshead
Harvest Seasonal Grill	39.953424	-75.203279	200 S 40th Street	215-662-1100	5:00 pm	7:00 pm	$2 Select Craft Drafts, $3 Skyy 'You-Call-Its'; $4 House Wine, $4 Seasonal Cocktail, $5 Apps; 1/2 Price Tacos
Hop Sing Laundromat	39.955519	-75.156955	1029 Race St		5:00 pm	9:00 pm	Discounted drinks
ICandy	39.947065	-75.161209	254 12th Street	267-324-3500	4:00 pm	7:00 pm	$3 off Signature Drinks; $2 off All Other Booze
IndeBlue	39.930407	-75.149559	205 13th Street	215-545-4633	5:00 pm	7:00 pm	$4 and $5 drink and food specials
IndeBlue	39.930407	-75.149559	205 13th Street	215-545-4633	8:30 pm	10:00 pm	$4 and $5 drink and food specials
Industry, The	39.962848	-75.157300	1401 East Moyamensing Avenue	215-271-9500	4:00 pm	7:00 pm	Buck-a-shuck oysters and $1 mac and cheese croquettes, $3 local draughts, $4 house red or whites wines and $5 select cocktails
Institute, The	39.971836	-75.128687	549 N. 12th St	(267) 318-7772	4:00 pm	6:00 pm	$2 Off Draft Beers, Well Drinks, and Apps
Institute, The	39.971836	-75.128687	549 N. 12th St	(267) 318-7772	10:00 pm	12:00 am	$2 Off Draft Beers, Well Drinks, and Apps
Interstate Drafthouse	39.948539	-75.162026	1235 E. Palmer St		4:30 pm	6:30 pm	$2 PBR cans and $4 drafts
Irish Pol	39.949550	-75.142850	114 Market Street	(267) 761-9532	5:00 pm	7:00 pm	Shots & Most of the 40 Draft Beers are $3.
Irish Pub 12th St	39.949085	-75.160051	1123 Walnut Street	(215) 925-3311	11:00 am	2:00 am	$3.50 Bud Light pints and $10 pitchers, $5 Hoegaarden pints and $6 Mojitos
Irish Pub 20th St	39.950803	-75.174053	2007 Walnut Street	(215) 568-5603	11:00 am	2:00 am	$3.50 Bud Light pints and $10 pitchers, $5 select craft drafts, and $6 Mojitos; Kick the Can Night:  $5 select craft cans from 5-7 PM
Irish Times	40.075079	-75.205434	629 S. 2nd St	(215) 923-1103	4:00 pm	12:00 am	$2.50 Miller Lites, $5 craft beers, $5 wings & $4 Jim Beam drinks
Irish Times	40.075079	-75.205434	629 S. 2nd St	(215) 923-1103	4:00 pm	7:00 pm	Half off drinks, beers and apps
Iron Abbey Gastropub	40.112075	-75.142378	680 N. Easton Road	215-956-9600	4:00 pm	7:00 pm	$3.50 drafts, $4 cocktails,sangria and house wines, and $5 food
Iron Hill	39.940375	-75.145633	8400 Germantown Avenue	215-948-5600	5:00 pm	7:00 pm	$2 off house and seasonal beers, $5 and $7 select wines and spirits; $5 and $7 apps
J.D. McGillicuddy's Manayunk	39.965109	-75.138907	111 Cotton Street	215-930-0209	12:00 am	12:00 am	$4 Jack Daniels drinks, $2.50 Miller Lites
J.D. McGillicuddy's Manayunk	39.965109	-75.138907	111 Cotton Street	215-930-0209	6:00 pm	9:00 pm	Half-off all drinks, buy-one-get-one-free appetizers.
Jake's & Cooper's Wine Bar	39.950400	-75.161668	4367 Main Street	215-483-0444	5:00 pm	7:00 pm	$4 "Cheap" Red and White Wine, $3 Local Beer, $5 Specialty Cocktails, all at the bar only
Jamonera	39.944144	-75.167996	105 South 13th Street	215-922-6061	10:00 pm	11:00 pm	$3 beer, $4 sangria, $5 wine, $15 sherry tasting, $2 tapas, kitchen staff snacks.
Jerry's Bar	39.957679	-75.181875	129 Laurel Street	267-273-1632	5:00 pm	7:30 pm	$2 Off Drafts; $5 Select Cocktails; $5 House Wines; Half-Price Select Apps; $2 Jerry's Burger Sliders
Jet Wine Bar	39.948966	-75.143602	1525 South Street	(215) 735-1116	4:00 pm	7:00 pm	$5 House Wines, $5 Cocktail du jour, $3 Kenzinger, $5 Nachos
Jet Wine Bar	39.948966	-75.143602	1525 South Street	(215) 735-1116	5:00 pm	12:00 am	Martini Monday: Martini's are $8 (well), plus a special, $5 Martini. We are offering "Martini Monday" frequent drinker cards.  Every 6th Martini (excluding the $5) is free
JG Domestic	39.969102	-75.134212	2929 Arch Street	(215) 222-2363	3:00 pm	7:00 pm	$3-$4 Beers, $6 Wines, $7 Cocktails
JJ Bootleggers	40.025974	-75.224142	35 S. 2nd Street	215-923-3300	5:00 pm	7:00 pm	$4 Drafts; Half-Price Moonshine Specialty Drinks
John Henry's Pub	40.006833	-75.293267	98 Cricket Avenue	(610) 726-9193	4:00 pm	7:00 pm	$2.50 Miller Lite and Yuengling, $4.50 Guinness, Carlsberg, and Lagunitas IPA, $2 off all wines and $4 Fireball; $5 Apps
Johnny Brendas	40.008885	-75.193693	1201 N. Frankford Avenue	215-739-9684	4:00 pm	6:00 pm	$1 off all drinks, half-off oysters.
Johnny Mananas	40.025518	-75.222165	4201 Ridge Avenue	(215) 843-0499	4:30 pm	6:30 pm	$2 Domestic Drafts, $3 Import Drafts, $4 Well Drinks, $5 Nachos, Jalapeno poppers, Chicken fingers, $8 Fish Tacos
Jon's Bar and Grille	39.963087	-75.164491	606 S 3rd Street	(215) 592-1390	5:00 pm	7:00 pm	$2 off all drafts, Jon's martinis, Jon's favorites, bottled beers and frozen drinks, plus $5 wings and nachos, and $8 mussels
Jose Pistolas	39.947664	-75.166164	263 S 15th St	215-545-4101	4:00 pm	6:00 pm	$3 PBR, Miller Lite, & Yuengling; $5 Craft Beer Cans; $15 Margarita Pitchers; $20 Flavored Margarita Pitchers
Jose Pistolas	39.947664	-75.166164	263 S 15th St	215-545-4101	9:00 pm	10:00 pm	
Kelliann's Bar and Grill	40.024597	-75.324236	1549 Spring Garden	215-563-6990	3:00 pm	5:00 pm	50 cent wings
Kelliann's Bar and Grill	40.024597	-75.324236	1549 Spring Garden	215-563-6990	5:00 pm	7:00 pm	$1 off all drafts and wine
Kelly's Taproom	39.941318	-75.147703	1107 W. Lancaster Avenue	610-520-9344	11:30 am	12:00 am	$7 60 oz. pitchers of Coors Light
Kelly's Taproom	39.941318	-75.147703	1107 W. Lancaster Avenue	610-520-9344	4:00 pm	6:00 pm	$2 domestic drafts and well drinks and $3 imports and wines
Khyber Pass Pub	39.948642	-75.144137	56 S. Second Street	(215) 238-5888	4:00 pm	6:00 pm	$10 select pitchers; $1.50 domestic bottles; $2 off drafts; $1 off everything else
Kildare's Irish Pub	39.960356	-75.169675	4417 Main Street	(215) 482-7242	11:00 am	12:00 am	$3 Coors Lite, Yuengling, & Miller Lite drafts and $4 Blue Moon drafts
Kildare's Irish Pub	39.960356	-75.169675	4417 Main Street	(215) 482-7242	9:00 pm	11:00 pm	$3 drafts, $4 Red Bull Vodkas and 1/2 Price Liquor
Kite & Key	39.971496	-75.127359	1836 Callowhill Street	215-568-1818	5:00 pm	7:00 pm	$1 Off All Drafts
Kraftwork	39.941921	-75.153444	541 E. Girard Avenue	215-739-1700	4:00 pm	7:00 pm	$7 select food menu
Kraftwork	39.941921	-75.153444	541 E. Girard Avenue	215-739-1700	10:00 pm	11:00 pm	Twelve select drafts are half price
La Calaca Feliz	40.026308	-75.225354	2321 Fairmount Avenue	215-787-9930	4:00 pm	7:00 pm	$2.50 Dos Equis and Corona Light, $3 Pacifico, $4 house wines, $5 Sangria, $5.50 Feliz Margaritas and $2 off specialty cocktails; special food menu 4-6 PM
La Fourno	39.967537	-75.176080	636 South Street	215-627-9000	4:00 pm	7:00 pm	$6 wine by the glass, $7 signature cocktails, 10% off wine by the bottle
Ladder Fifteen	39.950269	-75.166951	1528 Sansom Street	(215) 964-9755	5:00 pm	7:00 pm	$4 bottled beer, $5 drafts, call drinks and house wine, and $6 specialty cocktails
Landmark Americana	39.941015	-75.145361	3333 Market Street	215-222-4500	4:00 pm	7:00 pm	$5 wines by the glass, $3.50 Sangria, $3 SoCo Lime Shots and Oak & Cokes, $2.50 Narragansett; discounted food menu
Landmark Americana	39.941015	-75.145361	3333 Market Street	215-222-4500	9:00 pm	12:00 am	$3 Coronas, 9-11 PM and $2.50 house margaritas, 11am-12am
Las Bugambilias	39.956135	-75.190693	148 South Street	215-922-3190	4:00 pm	10:00 pm	$3 Mexican beers and $5 Michiladas, house margaritas and house wine
LaScala's	39.949653	-75.151701	615 Chestnut St	(215) 928-0900	5:00 pm	7:00 pm	$2.50 Sierra Nevada, Coors Light, & Yuengling drafts, $5 vodka cocktails, $7 vodka martinis, $4 house wine
Liberty Bar	39.953834	-75.176983	2204 Market Street	267-519-3665	5:00 pm	7:00 pm	$3 Domestics, $4 Crafts & Imports, $4 Well Drinks, $5 Wines; $.50 Wings
Liquid Room	39.948650	-75.165800	1361 N. 2nd Street	215-279-7979	4:30 pm	7:30 pm	Select 12 oz. beer bottles $1-3, select 16 oz. drafts $1-4, select cocktails $4-8 and $2 Fireballs; food menu $2.50-6
Little Lion	39.948901	-75.145787	243 Chestnut Street	267-273-0688	5:00 pm	7:00 pm	Food Specials: $5 Poutine (pork belly, housemade cheese, fried egg) $6 Smoked Chicken Wings Buck-A-Shuck Oysters  Drink Specials: $3 Beers (Lager and one rotating featured beer) $5 Wines and Sangria $6 Specialty Cocktail
Local 44	39.967574	-75.175469	4333 Spruce Street	(215) 222-BEER	5:00 pm	7:00 pm	$3 Local Drafts, $4 Snack Menu
Locust Rendezvous	39.972311	-75.138697	1415 Locust Street	215-985-1163	11:00 am	2:00 am	$2.25 draft beers, $3.25 select craft beers and $3 Shot of the Week
London Grill	39.952826	-75.210332	2301 Fairmount Avenue	215-978-4545	5:00 pm	7:00 pm	$3 Usual Suspects and well drinks, $4 select draught beers, $5 house wines and select cocktails, inside bar food specials from 4-7 PM
London Grill	39.952826	-75.210332	2301 Fairmount Avenue	215-978-4545	7:00 pm	12:00 am	$1 off featured brewery
Lucha Cartel	39.948558	-75.144330	207 Chestnut Street	215-625-8605	5:00 pm	7:00 pm	$5 house margarita, sangria, mojitos, can of Tecate and shot of Sauza Silver; $5 happy hour food menu
Lucky 13 Pub	39.950644	-75.163394	1820 S. 13th Street	215-336-8467	5:00 pm	7:00 pm	$1 Off All Drinks
Lucky Strike Lanes	39.949794	-75.144739	1336 Chestnut Street	215-545-2471	4:00 pm	7:00 pm	$3 drafts and Citywides, $4 house wines by the glass, and $5 select cocktails
Mac's Tavern	39.927164	-75.167128	226 Market Street	267-324-5507	4:00 pm	12:00 am	$3 Coors Light & PBC Drafts
Mac's Tavern	39.927164	-75.167128	226 Market Street	267-324-5507	4:30 pm	6:30 pm	$4 drafts and $5 select wines and cocktails; $2 off appetizers
Mad Mex	39.953173	-75.192865	3401 Walnut Street	215-382-2221	4:30 pm	6:30 pm	$7 Big Azz (22oz), $5 16oz, & $3 12oz House Margaritas. Half off all Drafts & Wings
Mad Mex	39.953173	-75.192865	3401 Walnut Street	215-382-2221	10:00 pm	12:00 am	$7 Big Azz Margaritas
Maggie's Waterfront Cafe	40.043647	-74.989686	9242 N. Delaware Avenue	215-637-6716	11:00 am	12:00 am	$12 Bud Light buckets, $15 domestic buckets and $20 import buckets
Maggie's Waterfront Cafe	40.043647	-74.989686	9242 N. Delaware Avenue	215-637-6716	11:00 am	12:00 am	Half off all military, fire, ems and police tickets
Maggie's Waterfront Cafe	40.043647	-74.989686	9242 N. Delaware Avenue	215-637-6716	4:30 pm	6:30 pm	$2 domestic drafts, $2.50 domestic bottles, $3.50 well drinks, half off select appetizers
Manayunk Brewery	40.022638	-75.219338	4120 Main Street	215-482-8220	4:00 pm	11:00 pm	$8 pizzas
Manayunk Brewery	40.022638	-75.219338	4120 Main Street	215-482-8220	5:00 pm	7:00 pm	$1 off all drinks, $5 wings and California rolls and $6 quesadillas and salmon avocado rolls, and 48 chef's choice pizza (bar/cocktail areas only)
Manayunk Tavern	40.024596	-75.221131	4247 Main Street	267-335-2121	4:00 pm	2:00 am	$5 Glasses of wine
Manayunk Tavern	40.024596	-75.221131	4247 Main Street	267-335-2121	4:00 pm	6:00 pm	$3 Drafts
Manny Brown's	39.941713	-75.151323	512 South Street	215-627-7427	5:00 pm	7:00 pm	Half Priced Drafts, Domestic Bottles, and Well Drinks
Manny Brown's	39.941713	-75.151323	512 South Street	215-627-7427	8:00 pm	12:00 am	$7 PBR Pitchers & $0.25 Wings
Martha	39.982222	-75.128094	2113 E York Street	215-867-8881	5:00 pm	7:00 pm	$1 off all draft beverages, wine, cocktails 1/2 off special selections
McCrossen's Tavern	39.950167	-75.162607	529 N. 20th Street	215-854-0923	5:00 pm	7:00 pm	$2 Off Draft Beers; $5 Select Wines; $6 Select Cocktails; $3-$7 Bar Snacks
McGillin's Olde Ale House	39.980352	-75.123052	1310 Drury Street; 19107	(215) 735-5562	11:00 am	2:00 am	$6.50 PBR pitchers and $8.50 Bud Light, Miller Lite, and Yuengling Light pitchers; half priced pizzas
Memphis Taproom	39.963093	-75.170927	2331 E. Cumberland Street	215-425-4460	4:00 pm	6:00 pm	$1 off all draft beers inside the bar and cans out in the Beer Garden
Milkboy	39.945217	-75.161095	1100 Chestnut St		12:00 pm	1:00 am	$6 City Wides and $5 shots
Milkboy	39.945217	-75.161095	1100 Chestnut St		4:00 pm	7:00 pm	$2 off draught beers, wine, and specialty cocktails and $5 well drinks
Misconduct Tavern	39.948658	-75.166636	1511 Locust Street	(215) 732-5797	4:30 pm	7:00 pm	$5.50 Drafts Beers and Wine; $7 Cocktails
Mix Pizzeria & Bar	39.952539	-75.175808	2101 Chestnut Street	215-568-3355	5:00 pm	7:00 pm	$2 PBR and Rolling Rock, $3 drafts, and $4 select wines and mixed drinks
Mixto	39.948584	-75.159852	1141 Pine Street	(215) 592-0363	4:30 pm	6:30 pm	$5 Classic Mojitos, Margaritas, and Caipirinhas, $5 House Wines, $3 Latin Bottled Beers and Select Drafts, $2 Tilapia Ceviche Shooters, $5 Bites
Moriarty's	39.953517	-75.192612	1116 Walnut Street	(215) 627-7676	5:00 pm	7:00 pm	All drafts $3 and $5
National Mechanics	39.949557	-75.146008	22 S 3rd Street	(215) 701-4883	5:00 pm	7:00 pm	$3 off Most Pitchers; $2 off Specials Drinks; $1 off Most Pints
New Deck Tavern	39.949979	-75.158767	3408 Sansom St; 19104	(215) 386-4600	5:00 pm	7:00 pm	$1 Off All Drinks; $5 Apps
New Deck Tavern	39.949979	-75.158767	3408 Sansom St; 19104	(215) 386-4600	10:00 pm	11:00 pm	
New Wave Cafe	39.949532	-75.143919	784 S 3rd St	(215) 922-8484	4:00 pm	6:00 pm	$1 Off All Food & Drinks
New Wave Cafe	39.949532	-75.143919	784 S 3rd St	(215) 922-8484	9:00 pm	11:00 pm	
Nick's Bar & Grill - Old City	39.948214	-75.162573	16 S. 2nd Street	215-928-9411	4:00 pm	7:00 pm	$1.75 Domestic Drafts; $5 App Menu
Nomad Roman	39.938080	-75.148527	1305 Locust Street	215-644-9287	4:30 pm	6:30 pm	$5 bar pizzas; $4 draft beer specials; $5 select wine glasses; $25 select wine bottles
O'Neals Pub	39.941031	-75.147402	611 S 3rd Street	(215) 574-9495	4:30 pm	6:30 pm	Half priced select beers and drinks and $5 apps, downstairs only
O'Neals Pub	39.941031	-75.147402	611 S 3rd Street	(215) 574-9495	8:30 pm	9:00 pm	
Ocean Prime	39.950162	-75.166089	124 S. 15th Street	215-563-0163	4:30 pm	6:30 pm	$5 beers and select appetizers, $10 specialty cocktails and select wines
Oh	40.022678	-75.214438	1907 Sansom Street	215-568-7071	5:00 pm	7:00 pm	$3 Lagers and Miller Lites; $4 Cosmos, Wine, Well Drinks, and Margaritas; $3 & $4 Small Plates
Old Eagle Tavern	39.950062	-75.162391	177 Markle Street	215-483-5535	5:00 pm	7:00 pm	1/2 Price Drafts, $2 Domestic Bottles
Opa	39.951213	-75.172374	1311 Sansom St	(215) 545-0170	5:00 pm	7:00 pm	$3 select craft beers, $4 house wines, $5 specialty cocktails
Opa	39.951213	-75.172374	1311 Sansom St	(215) 545-0170	10:00 pm	11:00 pm	$3 select craft beers, $4 house wines, $5 specialty cocktails
Ortlieb's Lounge	40.056996	-75.014570	847 N 3rd Street	267-324-3348	6:00 pm	8:00 pm	$3 Domestic Drafts, $4 Crafts, $9 Domestic Pitchers, $12 Craft Pitchers, $1 Tacos
Out of Wack Jack's	39.964613	-75.142257	3156 Willits Road	215-969-9433	4:00 pm	6:00 pm	$1.50 domestic pints
Oyster House	39.950222	-75.166553	1516 Sansom Street	(215) 567-7683	5:00 pm	7:00 pm	$1 oysters, $3 shooters, $3 drafts and $5 punch
P.Y.T.	39.966444	-75.139576	1050 N. Hancock Street	(215) 964-9009	5:00 pm	7:00 pm	$3 Yuengling Drafts; $3 Craft Beer Cans; $3 House Wine; $5 Bar Snacks
Paddy Whack's Irish Sports Pub NE	39.941030	-75.145480	9241 Roosevelt Blvd	(215) 464-7544	11:00 am	2:00 am	$6 Bud Light Pitchers
Paddy Whack's Irish Sports Pub NE	39.941030	-75.145480	9241 Roosevelt Blvd	(215) 464-7544	4:00 pm	6:00 pm	$3 Guinness; $3 crafts; $2 well drinks; $1.50 domestic pints & 1/2 price appetizers
Paddy Whacks	40.074489	-75.031733	150 South Street	215-464-7544	5:00 pm	7:00 pm	$3 Guinness pints and crafts, $2 domestic pints, bottles and well drinks, and 1/2 price appetizers
Pagano's Market and Bar	39.942585	-75.157096	2001 Market Street	215-523-6200	4:00 pm	6:00 pm	$3 selected beer; $5 wine; $5 Martini; $5 Manhattans
Panorama	39.939373	-75.266201	14 N Front Street	215-922-7800	5:00 pm	7:00 pm	At the Wine Bar: $5 off every wine tasting flight, $5 select wines, $4 select beers and $4 off signature cocktails; half off appetizer menu
Pattaya Grill	39.955409	-75.202685	4006 Chestnut Street	215-387-8533	5:00 pm	7:00 pm	$4 wine and cocktails, $1 off select beer
Percy Street Barbeque	39.950201	-75.142285	900 South Street	(215) 625-8510	5:00 pm	6:30 pm	Special food and drink menu
Pinocchio's	39.953759	-75.196230	131 E Baltimore Pike	610-566-7767	12:00 am	12:00 am	All you can eat pizza and soda or pasta and salad for $7.59; $1.50 Miller Lite Bottles; $3 Heineken, Heineken Light, and Amstel Light bottles
Pinocchio's	39.953759	-75.196230	131 E Baltimore Pike	610-566-7767	4:00 pm	6:00 pm	1/2 Price Drafts and Mixed Drinks; $5 Apps
Pod	39.954163	-75.173731	3636 Sansom Street	215-387-1803	9:00 pm	10:00 pm	$6 cocktails; $6 wine; $4 beer; $5 bites
Positano Coast	39.946765	-75.144613	212 Walnut Street	(215) 238-0499	5:00 pm	7:00 pm	$4 Yuengling Lager, Miller Lite, Peroni; $6 signature cocktails (Positano Lemon Drop, Red Sangria, Bartender's Choice); $5 wines by the glass
Prime Stache	39.945657	-75.174756	110 Chestnut Street	267-886-8354	5:00 pm	7:00 pm	$1 off Drafts; $2 off Cocktails; $5 Apps
Prohibition Taproom	39.961302	-75.159312	501 N 13th Street	(215) 238-1818	5:00 pm	7:00 pm	$7 wines and specialty cocktails, $4 draft pints and $1 off small plates
Pub & Kitchen	39.925185	-75.171269	1946 Lombard Street	215-545-0350	4:00 pm	6:00 pm	$20 Select Bottles of Rose $5 You Call It Old Fashioneds (choose mezcal, whiskey or rum)and P&K Pils  $10 Cheese Plate 1/2 Priced Oysters $7.95 "Almost Famous Happy Hour Burger"
Pub on Passyunk East	39.949906	-75.161518	1501 Passyunk Avenue	215-755-5125	4:00 pm	6:00 pm	1/2 price drafts, $1 off well drinks
Queen of Sheba	39.949190	-75.213532	4511 Baltimore Avenue	215-382-2099	11:00 am	12:00 am	$4 Citywide special
R2L	39.949271	-75.148854	50 South 16th Street	(215) 564-5337	4:30 pm	6:30 pm	$3 Corona, Miller Light, & Yuengling, $4 Heineken & Heineken Light, $7 rotating wine selections, $8 select cocktails; small bite menu
Raw Lounge	39.951714	-75.167486	1225 Sansom Street	215-238-1903	4:30 pm	6:30 pm	$3 Select Draft Beer; $4 House Wines; $5 Select Cocktails/1&1s
Red Owl Tavern	39.948070	-75.143023	433 Chestnut Street	215-923-2267	5:00 pm	7:00 pm	$3-$4 Brewer of the Month Beers, $6 Wines, $7 Specialty Cocktails, $6 Select Apps
Rembrandt's Restaurant & Pub	39.968551	-75.174874	741 N 23rd Street	215-763-2228	5:00 pm	7:00 pm	$3 drafts, wines, and well drinks and $2 Bud Lights
Revolution House	39.943770	-75.167843	200 Market Street	215-625-4566	5:00 pm	7:00 pm	1/2 off margherita pizzas; 1/2 off drafts; and $5 red and white house wines; $6 rotating specialty cocktail
Rex 1516	39.937006	-75.154508	1516 South Street	267-319-1366	5:00 pm	7:00 pm	$6 Hurricanes; $5 Bar Bites
ROOT Restaurant + Wine Bar	39.948490	-75.144197	1206 Frankford Avenue		4:00 pm	6:00 pm	$5 Snacks & Toast $6 Sangria & Special Wine $8 Gin & Tonic $7 Cheese & Salumi Plate
Rotten Ralph's	39.968704	-75.136425	201 Chestnut Street	(215) 925-2440	4:00 pm	6:00 pm	Food and drink specials
Royal Tavern	39.949533	-75.162213	937 E Passyunk Avenue	(215) 389-6694	4:00 pm	6:00 pm	1/2 price drafts, $3 well drinks
Saint Lazarus Bar	39.986116	-75.106539	102 W Girard Avenue	267-978-4510	5:00 pm	7:00 pm	$3 Well Mixed Drinks; $1 off Domestic Bottles; $5 Pickle Back Shots; $5 City Wides; $5 Saint Special (Two tacos and a PBR)
Saint Lazarus Bar	39.986116	-75.106539	102 W Girard Avenue	267-978-4510	10:00 pm	11:00 pm	$4 Premium Whiskey Shots; Half-off Select Drafts; $1 Off Craft Brews
Sampan	39.948801	-75.144134	124 S 13th	215-732-3501	4:00 pm	7:00 pm	$4 select beers, specialty cocktails and house wines, $9 select cocktails, discounted select sakes and $25 scorpion bowls
Sassafras	39.969286	-75.134453	48 S 2nd Street	215-925-2317	5:00 pm	7:00 pm	$5 house wine, $5 well drinks, $4 selected drafts, $3 domestic bottles
Seafood Unlimited	39.948411	-75.174495	270 South 20th Street	215-732-9012	5:00 pm	9:30 pm	$3 Yuengling drafts, $5 select cocktails and wines, special bar menu
Shenanigans Original	39.949715	-75.143935	3133 Gaul St.	215-423-7878	11:00 am	2:00 am	$1.50 pints of PBRs and Rolling Rocks and $1 Lionshead pints
Shenanigans Original	39.949715	-75.143935	3133 Gaul St.	215-423-7878	6:00 pm	6:00 pm	$1.50 domestic pints and $2 domestic cans and bottles
Shenanigans Saloon	39.941822	-75.179493	1624 N. Front St.	267-324-5857	11:00 am	2:00 am	$2 Coors Lights and $4 meatball quesadillas
Shenanigans Saloon	39.941822	-75.179493	1624 N. Front St.	267-324-5857	4:00 pm	6:00 pm	$2 Coors Light and Yuengling pints, $4 select craft drafts
Sidecar Bar	39.954602	-75.183831	2201 Christian Street	(215) 732-3429	4:00 pm	7:00 pm	7 Til 7 Specials: 1/2 Price on Seven Rotating Drafts; $4  Seasonal Cocktails; $7 Nachos or Two Carnitas
Sidecar Bar	39.954602	-75.183831	2201 Christian Street	(215) 732-3429	10:00 pm	1:00 am	$10 Burgers
Silk City	39.961248	-75.146571	N 5th Street & Spring Garden Street	(215) 592-8838	5:00 pm	7:00 pm	$1 Off All Drafts
Slainte Pub & Grill	39.951901	-75.175709	3000 Market St; 19104	(215) 222-7400	5:00 pm	7:00 pm	$1 off all pints, bottles and pitchers of beer, $1 off all well, call and top shelf liquor drinks, and $1 off all wines by the glass; $5 select appetizer menu
Slate	39.952206	-75.171571	102 S 21st St	215-568-6886	5:00 pm	7:00 pm	Discounted drinks
Smiths Restaurant & Lounge	39.953792	-75.203024	39-41 S 19th Street	267-546-2669	5:00 pm	7:00 pm	$5 Bulleit and Ketel One drinks, $10 carafe of wine, and $1 off all draft beers
Smokey Joe's	39.927273	-75.171461	210 South 40th Street	215-222-0770	11:30 am	2:00 am	$2.50 pints, $7.50 pitchers and $15 pizza and pitcher
Smokin' Betty's	39.949596	-75.158968	116 S. 11th Street	(215) 922-6500	5:00 pm	7:00 pm	$3 Yuenglings and featured drafts, $4 house wines and well drinks, and $5 seasonal Sangria and Lemonade; Food menu is $3-6
South Philly Tap Room	39.940442	-75.149240	1509 Mifflin Street	215-271-7787	4:00 pm	6:00 pm	1/2 off local drafts and appetizers
Southwark	39.974945	-75.134567	701 S. 4th St.	267-930-8530	5:00 pm	7:00 pm	$8 Selection of Cocktails $5 Select Beers & Wines $2 High Life Ponies  Discounted Select Food
Square 1682	39.949801	-75.145145	121 South 17th Street	215-563-5008	5:00 pm	7:00 pm	$3 Beer: Yuengling and Bud Light $5 Wine: Chardonnay, Cabernet, Rose, Sparkling $7 Cocktail: French 75, Black Rose, Venus as a Boy  $7 Sliders and Fries: Custom blend burger; Chipotle Blackbean Burger; Curried         Chicken Salad
St. Stephen's Green	39.930238	-75.163229	1701 Green St	(215) 769-5000	4:00 pm	7:00 pm	$3 Domestic Bottles, $4 Select Drafts, $4 Well Drinks, $5 Wines, $5, $4, and $3 App Menu
Standard Tap	39.964140	-75.140477	901 N 2nd Street	215-238-0630	4:00 pm	6:00 pm	1/2 off weekly featured cocktail (rotating), 1/2 off weekly featured brewery beers (rotating), discount happy hour snacks
Stateside	39.964629	-75.166045	1536 E. Passyunk Avenue	215-551-2500	5:00 pm	7:00 pm	1/2 priced drafts, buck-a-shuck-oysters, whiskey specials
Sto's Bar	39.927498	-75.166294	236 Market Street	267-687-8653	12:00 pm	2:00 am	$.50 Jumbo Wings; $9 Rolling Rock Pitchers
Stogie Joe's Tavern	39.950801	-75.168611	1802 East Passyunk Avenue	215-463-3030	7:00 pm	9:00 pm	Cash prizes
Strangelove's	39.950613	-75.169685	216 S. 11th Street		11:30 am	3:00 pm	$15 for 2 courses and a non-alcoholic beverage (dine-in only)
Strangelove's	39.950613	-75.169685	216 S. 11th Street		5:00 pm	7:00 pm	$4 select American drafts and house wines and $5 well drinks; food specials
SuGa	39.948098	-75.159233	1720 Sansom Street	215-717-8968	5:00 pm	7:00 pm	Featured: Cocktail $7 - Wine $6 - Beer $4 - Sake $5  Food: $5 ea. Popcorn Pork Ravioli, Scallion Pancakes, Seaweed Salad, Coleslaw $7 ea. Tongpo Pork Bao Bun, Szechwan Dan Dan Noodles
T. Hogans	39.921594	-75.178684	5109 Rochelle Avenue	215-482-8583	3:30 pm	7:30 pm	$3 domestic drafts, bottles, and well drinks, $7 domestic pitchers
Tabu Lounge & Sports Bar	39.948373	-75.161086	200 S 12th Street	(215) 964-9675	11:00 am	12:00 am	$3 Blue Moon Drafts; $6 Absoluts; $5 wings
Tabu Lounge & Sports Bar	39.948373	-75.161086	200 S 12th Street	(215) 964-9675	5:00 pm	7:00 pm	$1 off All Drinks
Tabu Lounge & Sports Bar	39.948373	-75.161086	200 S 12th Street	(215) 964-9675	7:00 pm	9:00 pm	Free Select Draft w/Purchase of Any Burger of Sandwich
Tabu Lounge & Sports Bar	39.948373	-75.161086	200 S 12th Street	(215) 964-9675	10:00 pm	2:00 am	10% off All Alcohol w/Proof of Employment
Taproom on 19th	40.017114	-75.210553	2400 S. 19th Street	267-687-7817	11:00 am	2:00 am	Half-priced burgers
Taproom on 19th	40.017114	-75.210553	2400 S. 19th Street	267-687-7817	5:00 pm	7:00 pm	$2 off all draughts, $1 off all cans and bottles and $5 Jamesons; Half-priced wings and $2 Tap Burgers
Tattooed Mom	39.949078	-75.164858	530 South Street	(215) 238-9880	5:00 pm	7:00 pm	1/2 Off All Drafts
Tattooed Mom	39.949078	-75.164858	530 South Street	(215) 238-9880	10:00 pm	11:00 pm	1/2 Off All Drafts
Tavern on Broad	39.947242	-75.161555	200 S. Broad Street	(215) 546-2290	5:00 pm	8:00 pm	1/2 Off All Drinks
Tavern on Camac	39.941712	-75.151861	243 S Camac Street	(215) 545-0900	6:00 pm	8:00 pm	$2.50 off beers, $2 off everything else
Tavern on the Hill	40.077130	-75.208932	8636 Germantown Avenue	215-247-9948	5:00 pm	7:00 pm	1/2 priced drafts, $4 house wines by the glass
Tavola Restaurant + Bar	39.925944	-75.350777	400 W Sproul Road	610-543-2100	4:00 pm	6:00 pm	$2.50 Shock Top, Bud Light, and Miller Lite drafts, $6 house red and white wine, and $1 off well drinks
Tavola Restaurant + Bar	39.925944	-75.350777	400 W Sproul Road	610-543-2100	6:00 pm	10:00 pm	$3.50 Miller Lite and Miller High Life drafts
Tequilas Restaurant	40.045034	-75.388247	1602 Locust St	(215) 546-0181	2:00 pm	6:30 pm	$4 drafts and bottled craft Mexican beers, $5 select wines by the glass, $6 traditional Sangria, Margaritas and mixed drinks, $7-9 select cocktails and tequilas, and $40 pitchers of house Sangria and Margarita
Teresa's Next Door	39.948381	-75.168023	126 North Wayne Avenue	610-293-9909	4:00 pm	6:00 pm	$3 Select American drafts, $5 Select Belgian drafts, $3 off all wine by the glass
The Franklin Bar	40.048287	-75.413742	112 S. 18th Street	267-467-3277	5:00 pm	7:00 pm	$10 Extra Credit Cocktails
The Grog Grill	39.946922	-75.143855	863 West Lancaster Avenue	610-527-5870	4:00 pm	6:00 pm	$4 Drafts, $2 Yeungling, $4 Wine, Half Price Apps
The Olde Bar	39.951296	-75.170641	125 Walnut Street	215-253-3777	5:00 pm	7:00 pm	Buck-a-Shuck Oysters & Bar Specials
The Plough & the Stars	39.948610	-75.143697	123 Chestnut Street	215-733-0300	5:00 pm	7:00 pm	$3 Bud & Miller Lites, $4 craft beer $4.50 house merlot and chardonnay, $5 Bites
Time	39.950037	-75.162513	1315 Sansom Street	215-985-4800	5:00 pm	7:00 pm	$5 house wines and select cocktails, $3 select seasonal drafts and $1 off all other drafts, $3-6 bar menu
Tinto	39.946624	-75.160914	114 S. 20th Street	215-665-9150	5:00 pm	7:00 pm	$5 sangria and $7 house wine; $5 tapas
Tir Na Nog	39.951501	-75.173845	1600 Arch Street; 19103	(267) 514-1700	5:00 pm	7:00 pm	$2 off all wines, $3 Yeunglings, Bud Lights and Miller Lite bottles, $4 Victory seasonals, Brooklyn Brown Ales and well drinks; half price select appetizers
Tria Washington Square West	39.954587	-75.167024	1137 Spruce Street	215-629-9200	5:00 pm	7:00 pm	1 White Wine, 1 Red Wine, 1 Cheese plate, and 2 Beers all priced at $5 (a considerable discount) each!
Twenty Manning Grill	39.948612	-75.174034	261 S 20th St		5:00 pm	7:00 pm	$3 Drafts, $7 Wines by the Glass
Twisted Tail, The	39.941778	-75.145126	509-511 S. 2nd Street	215-558-2471	5:00 pm	7:00 pm	$3 select drafts, $4 house wines and specialty cocktail menu; $4-6 small plates
Union Transfer	39.961406	-75.155349	1026 Spring Garden Street	215-232-2100	9:00 pm	12:00 am	Post-Show Happy Hour (Start Time Varies): $2 Miller High Life Drafts, $3 Three Olives Drinks, $4 Jack Daniels Drinks
Urban Farmer	39.957207	-75.169983	1850 Benjamin Franklin Parkway	(215) 963-2788	3:00 pm	6:00 pm	$5.00 Red and White Wine $5.00 Specialty Cocktails $3.00 Local Draft Selection *Food Specials*
Urban Saloon	39.966970	-75.172969	2120 Fairmount Avenue	215-232-5359	5:00 pm	7:00 pm	$3 Domestics; $4 Craft & Import Beers; $5.50 House Wines
Valanni	39.946850	-75.162217	1229 Spruce Street	215-790-9494	5:00 pm	7:00 pm	$5 Specialty Cocktails, $5 Skyy Vodka Infusions and Well Drinks, $5 Select Red and White Wines; Half-Price Mason Jars; Buck-A-Shuck Oysters, Half-Price Tapas
Vango Lounge and Skybar	39.951199	-75.170658	116 S 18th Street	215-568-1020	5:00 pm	7:00 pm	$4 Beer, $5 Mixed Drinks, $5 Wine, 1/2 Priced Appetizers
Varga Bar	39.948040	-75.161403	941 Spruce St	(215) 627-5200	4:00 pm	6:00 pm	1/2 Off Draft Beers, Cocktails, Chardonnay, & Cabernet
Vedge	39.948887	-75.166729	1221 Locust Street	215-320-7500	5:00 pm	7:00 pm	$7 cocktails and wines by the glass, $6 Sangria, $4 Pilsner and Lager pints and $5-7 bar snacks
Vesper	39.949346	-75.142349	223 South Sydenham Street	267-603-2468	5:00 pm	7:00 pm	$4 Drafts $8 Cocktails $10 Wine Carafe $5 Ketel & Bulleit mixed drinks $6 Appetizers
Victoria Freehouse, The	39.949557	-75.161719	10 S. Front Street	215-543-6089	4:00 pm	7:00 pm	$4, $5, $6, $7 specials; 1/2 price glasses & bottles of wine
Vintage Wine Bar and Bistro	39.946297	-75.157754	129 S 13th Street	(215) 922-3095	4:00 pm	6:00 pm	$3 High Life or lagers, $4 house wines, $5 bubbly or sangria, $3-7 select small plates
Watkin's Drinkery	39.953548	-75.192949	1712 S 10th Street	215-339-0175	5:00 pm	7:00 pm	1/2 price on all drafts
Westy's	39.927944	-75.162062	1440 Callowhill Street	215-563-6134	3:00 pm	7:00 pm	$3 High Life, PBR, and domestic bottles, $4 imported bottles and well drinks, $4 and $5 select craft drafts
White Dog Cafe	39.959621	-75.163605	3420 Sansom Street	215-386-9224	4:00 pm	7:00 pm	$4 select drafts and $5 select wines and cocktails; Discounted food and snack menu
Winnie's Le Bus	40.024724	-75.222269	4266 Main Street	215-487-2663	5:00 pm	7:00 pm	$3 Drafts, $4 Red or White Sangria, $5 House Wine & House Martinis
Woody's Bar	39.952195	-75.185109	202 S 13th Street; 19107	(215) 545-1893	5:00 pm	7:00 pm	$3 select drafts and house wines, $4 well drinks and $6 Absolute drinks
Woolly Mammoth	39.941632	-75.150322	430 South Street	215-923-8780	5:00 pm	7:00 pm	$1 off drinks, 1/2 price appetizers
World Cafe Live	39.948768	-75.162367	3025 Walnut Street	(215) 222-1400	5:00 pm	6:00 pm	$2 Yuengling bottles, $3 Yuengling drafts, $4 select drafts and house wines, $5 well drinks, $6 Red Bull & Vodka, $8 Yuengling pitchers: $3-5 apps
World Cafe Live	39.948768	-75.162367	3025 Walnut Street	(215) 222-1400	10:00 pm	11:00 pm	$2 Yuengling bottles, $3 Yuengling drafts, $4 select drafts and house wines, $5 well drinks, $6 Red Bull & Vodka, $8 Yuengling pitchers; $3-5 apps
Wrap Shack	39.951129	-75.170708	120 S 18th Street	215-569-1666	11:00 am	2:00 am	2-fer $5, $8, $10 and $12 drafts; $6 select wraps
Xochitl	39.955954	-75.157137	408 South 2nd Street	(215) 238-7280	5:00 pm	7:00 pm	$6 Xochitl Margaritas; $3 Draft Beers; $5 Bar Menu
Yakitori Boy	39.942874	-75.145645	211 N. 11th Street	(215) 923-8088	6:00 pm	8:00 pm	$3 Domestic Drafts; $4 Imported Drafts, Wines, Shots, Stoli Cocktails; $6 Signature Cocktails
Zahav	39.953782	-75.188575	237 St. James Place	215-625-8800	5:00 pm	7:00 pm	$3 Select Beer(s), $4 off Specialty Cocktails, $3 off Select Wines, 1/2 Off Hummus; Bar Only
Zavino	39.949954	-75.162135	112 S 13th Street	(215) 732-2400	4:30 pm	6:30 pm	$3 Draft Beer, $5 featured wine by the glass, $8 Margherita Pizza
Zavino- University City	39.946253	-75.145380	3200 Chestnut Street	215-823-6897	4:30 pm	6:30 pm	$2 Narragansett; $3 Bartender's Choice Beers; $4 Wines; $5 Zavino Cocktail; $4-$7 Bar Snacks
