Standard Tap	39.96414	-75.1404699	901 N 2nd Street	4:00 pm	6:00 pm	1/2 off weekly featured cocktail (rotating), 1/2 off weekly featured brewery beers (rotating), discount happy hour snacks
1 Tippling Place	39.9518509	-75.1738815	2006 Chestnut Street	5:00 pm	7:00 pm	$1-2 off Select Cocktails; $5 Fish House Punch
Bainbridge Street Barrel House	39.9412117	-75.1522369	625-27 S. 6th Street	4:30 pm	6:30 pm	1/2 price drafts; $5 glasses of chardonnay and cabernet
Cavanaugh's Rittenhouse	39.9510774	-75.170927	1823 Sansom Street	11:30 am	2:00 am	$3.75 Coors Light drafts
Cavanaugh's Rittenhouse	39.9510774	-75.170927	1823 Sansom Street	5:00 pm	7:00 pm	$2 off beer, wine and mixed drinks; half priced pub menu
Cavanaugh's Rittenhouse	39.9510774	-75.170927	1823 Sansom Street	10:00 pm	12:00 am	$2 off beer, wine and mixed drinks; half priced pub menu
Eulogy Belgian Tavern	39.9483817003898	-75.1438970407737	136 Chestnut Street	5:00 pm	7:00 pm	$3 Stella, Leffe, & Hoegaarden
M Restaurant at The Morris House	39.947325734072	-75.154311399607	231 S. 8th Street	4:00 pm	10:00 pm	3 for $15 Bar Bites at the Bar and Outdoor Cocktail Area
M Restaurant at The Morris House	39.947325734072	-75.154311399607	231 S. 8th Street	4:00 pm	6:00 pm	$4 Beers; $6 Wines, $6 Cocktails; 3 for $15 Bar Bites
1 Tippling Place	39.9518509	-75.1738815	2006 Chestnut Street	5:00 pm	7:00 pm	$1-2 off Select Cocktails; $5 Fish House Punch
12 Steps Down	39.9389584	-75.1573385	831 Christian Street	11:00 am	3:00 pm	$3 Bloody Mary's & Mimosas
12 Steps Down	39.9389584	-75.1573385	831 Christian Street	5:00 pm	7:00 pm	Discounted drinks
13 Restaurant	39.952714	-75.160534	1201 Market Street	5:00 pm	7:00 pm	$3 All Drafts, $5 Cosmos
1518 Bar and Grill	39.95022	-75.16663	1518 Sansom Street	5:00 pm	7:00 pm	$1 Off All Beer, $5 Merlot and Chardonnay, $5 Well Drinks
2nd Story Brewing	39.9483759951684	-75.1435959711671	117 Chestnut Street	11:30 am	2:00 am	$4 Select Drafts, $7.50 Flights
2nd Street Brew House	39.9266256	-75.1492131	1700 S 2nd Street	4:00 pm	6:00 pm	$3 select drafts & discounted food
700, The	39.92274	-75.15835	700 N 2nd Street	5:00 pm	7:00 pm	$1 off everything
a.bar	39.9502708008925	-75.1705138958583	135 S 18th Street	4:00 pm	6:00 pm	$4 Rotating Draft Beer; $1.50 Rotating Oyster in the Half Shell; $10 Raw Bar Tasting of 2 Items; $9 Cheese Plate; $8 House-Crafted Punch; $8 Select Red or White Wine
Abbaye	39.962247651128	-75.143003697265	637 N. 3rd Street	4:00 pm	6:00 pm	$2 Off Drafts; $3 Wells; $5 Wines; Nothing Over $5 Happy Hour Menu
Abbaye	39.962247651128	-75.143003697265	637 N. 3rd Street	10:00 pm	12:00 am	no description
Abe Fisher	39.9506491	-75.1683187	1623 Sansom Street	5:00 pm	7:00 pm	$5 Bites $7 Select Cocktails and Wine
Adobe Cafe - South Philly	39.9604147854253	-75.1686044901787	1919 E. Passyunk Avenue	4:30 pm	6:30 pm	$2 off house Margaritas, $1 Off mixed drinks and beers, $0.45 wings, $4-5 food menu
Aki	39.949063	-75.161122	1210 Walnut Street	4:30 pm	7:00 pm	$3 beer, $4 wine and $6 specialty cocktails and sake
Alla Spina	39.964484388811	-75.161860059894	1410 Mount Vernon Street	4:30 pm	6:30 pm	$3 Brooklyn cans and Fernet Branca shots, half off select local drafts, $4 Deschutes Mirror Pond bottles, $6 select wines and $7 Negroni on tap; special snack menu
Alma de Cuba	39.95011	-75.1685	1623 Walnut Street	4:00 pm	7:00 pm	$6 Select Cocktails and $6 Select Tapas in Downstairs Lounge and Bar
Amada	39.9487	-75.14476	217 Chestnut Street	5:00 pm	7:00 pm	$4 beers, $5 Sangria. $6 wines and $8 cocktails; $5 tapas
American Sardine Bar	39.93666669259	-75.17368903304	1800 Federal Street	4:00 pm	6:00 pm	Half off select cans, a boilermaker of the week and select food menu
Aqua	39.94663	-75.17484	705 Chestnut Street	4:00 pm	7:00 pm	$3 Beer, $4 Wine, $5 Apps, $6 Cocktails
Atlantis	40.16537	-75.0065	2442 Frankford Avenue	5:00 pm	7:00 pm	$0.50 Off All Drinks.
Atlantis	40.16537	-75.0065	2442 Frankford Avenue	8:00 pm	9:00 pm	no description
B Side Lounge	39.948674	-75.145814	241 Chestnut Street	5:00 pm	7:00 pm	$2 Domestic Bottles, $4 Select Wines, $5 Daily Cocktail, $6 Margherita Pizza
B Side Lounge	39.948674	-75.145814	241 Chestnut Street	10:00 pm	2:00 am	$4 Coronas, $5 Apple Martinis, $8 Tokyo Teas
Baby Blues BBQ	39.953536845429	-75.192420413012	3402 Sansom Street	11:30 am	2:00 am	$4 Lagunitas Drafts
Baby Blues BBQ	39.953536845429	-75.192420413012	3402 Sansom Street	4:00 pm	6:00 pm	$3 Drafts, $4 Well Drinks, $5 Glasses of House Wine
Baggataway Tavern	40.0698379	-75.3123714	31 N. Front Street	5:00 pm	7:00 pm	$3 select craft drafts and free wings
Baggataway Tavern	40.0698379	-75.3123714	31 N. Front Street	7:00 pm	12:00 am	Free wings with every pitcher of beer purchased
Bainbridge Street Barrel House	39.9412117	-75.1522369	625-27 S. 6th Street	4:30 pm	6:30 pm	1/2 price drafts; $5 glasses of chardonnay and cabernet
Balcony at the Doubletree	39.9479942	-75.1643524	237 S. Broad Street	4:00 pm	6:00 pm	$4 Wines & Cocktails
Bank & Bourbon	39.9517241478884	-75.1601829009424	1200 Market Street	5:00 pm	6:00 pm	Choose from 2 Tapas-Style Appetizers and 3 Cocktails for $5.50 Each; $5 Local Drafts
Bar Hygge	39.9671254923543	-75.1661240918427	1720 Spring Garden Avenue	4:00 pm	6:00 pm	Discounted House Made Beer $5 Specialty Snacks
Bar Philadelphia	39.948486	-75.1573477	1309 Sansom Street	5:00 pm	7:00 pm	$1 Off All Drafts, $2 PBRs & Narragansetts, $4 Picklebacks & Fireballs
Bar-Ly	39.9540709	-75.1576818	101 N. 11th Street	3:30 pm	6:30 pm	$3.25 domestic bottles; $3.50 import bottles; $3 draft beer; $4.25 cocktails; $4 martinis; $3.50 house red and white wines; $3.50 small carafe sake; $6.25 large carafe sake; $5 wine flights; $1.25 skewers, steamers, Raw Bar; $3/$3.50 snacks
Bar-Ly	39.9540709	-75.1576818	101 N. 11th Street	10:00 pm	12:00 am	$3.25 domestic bottles; $3.50 import bottles; $3 draft beer; $4.25 cocktails; $4 martinis; $3.50 house red and white wines; $3.50 small carafe sake; $6.25 large carafe sake; $5 wine flights; $1.25 skewers, steamers, Raw Bar; $3/$3.50 snacks
Barbuzzo	39.9499893	-75.1621628	110 S. 13th Street	10:30 pm	12:00 am	$4 draft beer, $5 glasses of Sangria, $6 glasses of wine, $10 dishes
Barcade	39.9673696	-75.1345292	1114 Frankford Avenue	4:00 pm	7:00 pm	$7 Fisherman’s brew and Jim Beam shots, $1 off beer and well drinks
Barclay Prime	39.9485977931841	-75.1708435487328	237 S. 18th Street	5:00 pm	6:30 pm	Lounge Only: $6 Select Cocktails
Bards, The	39.95082	-75.17424	2013 Walnut Street	5:00 pm	8:00 pm	$3 Miller Lite & Yuengling drafts, $4 select craft beers, $5 house wines and well drinks; $4, $5 and $6 food menu
Bards, The	39.95082	-75.17424	2013 Walnut Street	9:00 pm	12:00 am	$3 Yuengling during Quizzo
Barra	39.948818	-75.1456539	239 Chestnut Street	11:00 am	4:00 pm	$10 Brick Oven Burger & Beer Special (or soda)
Barra	39.948818	-75.1456539	239 Chestnut Street	5:00 pm	7:00 pm	$2 Domestic Bottles, $4 Select Wines, $5 Daily Cocktail, $6 Margherita Pizza
Barra	39.948818	-75.1456539	239 Chestnut Street	10:00 pm	2:00 am	$4 Coronas, $5 Apple Martinis, $8 Tokyo Teas
Barra Rossa	39.948486	-75.1573477	929 Walnut Street	5:00 pm	7:00 pm	$3 Select Craft & Domestic Beers; $4 Select House Wines; $5 Select Cocktails; $5 Select Apps
Barra Rossa	39.948486	-75.1573477	929 Walnut Street	7:00 pm	11:00 pm	Jefferson Night: $2 Draft Beers, $3 Select Cocktails, $3 Fireball Shots, $5 Select Apps
Bayou Bar and Grill	40.02459	-75.22102	4245 Main Street	11:00 am	2:00 am	$5 Meatball Subs with fries, $14.95 Crableg Platter
Bayou Bar and Grill	40.02459	-75.22102	4245 Main Street	10:00 pm	12:00 am	$2 U-Call-It
Bierstube	39.9498892801894	-75.1440539929931	206 Market Street	11:00 am	2:00 am	Citywide Canada $5.99 - Shot of Fireball + Can of Moosehead; Citywide Germany $5.99 - Shot of Jagermeister + DAB Pounder; Citywide Philly $5.99 Shot of Jimmy Beam + PBR Pounder. Industry discount: Show you work in hospitality industry and special price is only $5
Bierstube	39.9498892801894	-75.1440539929931	206 Market Street	5:00 pm	7:00 pm	Select craft and German draft beers: $3.99 for 14oz, $7.99 for liter
Birra	39.9286739095549	-75.165093275115	1700 E. Passyunk Avenue	4:00 pm	6:00 pm	$3 Red or White 12" Cheese Pizzas; 1/2 Price Pints; $5 Birra Margaritas
Bishop's Collar	39.96756	-75.17685	2349 Fairmount Avenue	5:00 pm	7:00 pm	$1 off everything; daily food specials
Black Sheep	39.984666	-75.953571	247 S. 17th Street	4:00 pm	7:00 pm	$5 Apps, Discounted Drinks
Blind Pig, The	39.962209095901	-75.141245101173	702 N. 2nd Street	4:30 pm	6:30 pm	$1 off drafts; $4 mixed well drinks; $5 house wine; $5 nachos, wings, chicken or veggie quesadillas; $3 corn dogs
Bonners Irish Public	39.9520454	-75.1784515	120 S 23rd Street	5:00 pm	7:00 pm	$2.25 Domestic Drafts, $2.50 Domestic Bottles
Boot & Saddle	39.9368929656445	-75.1667970791459	1131 S. Broad Street	6:00 pm	8:00 pm	Half-Price Specialty Cocktails and Select Drafts
Bottle Bar East	39.97047	-75.13472	1308 Frankford Avenue	5:00 pm	7:00 pm	Half-Off Drafts and Wine, $3 Well Drinks, Half-Off Apps, $2 Off Sandwiches
Bourbon Blue	40.0242614	-75.222167	Number 2 Rector Street	5:30 pm	7:30 pm	$4 drafts, $5 house wines, $6 specialty cocktails
Brauhaus Schmitz	39.94207	-75.15462	718 South Street	12:00 pm	12:00 am	During Philly Union Games: $4 Select Beers
Brauhaus Schmitz	39.94207	-75.15462	718 South Street	5:00 pm	7:00 pm	$4 drafts; $4 house-made sausage sandwiches
Bridget Foy's	39.9411181	-75.1457386	200 South Street	5:00 pm	7:00 pm	$3 Yeungling & PBC Kenzinger Drafts, Fried Pickles, & Deviled Eggs; $5 Blood Orange Bellini's, Sangrias, House Wines, Risotto Cakes, & Artichoke Hummus; $5 Well Drinks, Cheesesteak Croquettes, Chipotle Chicken Wings, & Lamb Meatballs; $15 Sangria Pitchers
Bridget Foy's	39.9411181	-75.1457386	200 South Street	8:00 pm	9:00 pm	$3 Yeungling & PBC Kenzinger Drafts, Fried Pickles, & Deviled Eggs; $5 Blood Orange Bellini's, Sangrias, House Wines, Risotto Cakes, & Artichoke Hummus; $5 Well Drinks, Cheesesteak Croquettes, Chipotle Chicken Wings, & Lamb Meatballs; $15 Sangria Pitchers
Bridgid's	39.968481	-75.176917	726 N 24th St	5:00 pm	7:00 pm	$4 select drafts, well drinks and house wines; $5 plates and $12 fresh pastas
Brittingham's	40.0847	-75.25089	640 E. Germantown Pike	4:00 pm	6:30 pm	$2 off all well drinks and $3 rotating drafts
Brownies Irish Pub	39.95082	-75.17424	46 S 2nd Street	4:00 pm	6:00 pm	Half off select drafts and $1 off bottle beers and mixed drinks
BRU Craft & Wurst	39.950472	-75.162568	1318 Chestnut Street	4:00 pm	7:00 pm	$4 drafts and craft cans, $5 house wines and house liquor; $5 starters and wurst sandwiches; Early Bird Special: from 4-5 PM all regular specials apply, plus 20% off all big bottles (500mL) and single malt Scotch
Buffalo Billiards	39.94799	-75.14332	118 Chestnut St	6:00 pm	8:00 pm	$3 All Drafts; $4 Well Drinks; Half-Price Apps
Buffalo Billiards	39.94799	-75.14332	118 Chestnut St	9:00 pm	12:00 am	$3 Local Drafts, 1/2 Off Burgers
Byrnes Tavern	39.9841	-75.0986999	3301 Richmond St	4:00 pm	6:00 pm	$2 pints and $5 pitchers of Yuengling, 1/2 price select nibblers
Cactus	40.43125	-75.14322	4243 Main Street	11:00 pm	12:00 am	Free Corona pint with purchase of cheese curds and $10 pitchers of Corona
Cafe at 2011	39.95081	-75.17418	2011 Walnut St	5:00 pm	7:00 pm	$4 Yards, $5 House Wines, $6 Seasonal Cocktails
Cambridge, The	39.9941735	-75.0974899	1508 South Street	4:00 pm	6:00 pm	1/2 Price 16-oz. Pints
Campbell's Place	40.0751991	-75.2045288	8337 Germantown Avenue	5:00 pm	7:00 pm	$3 domestic can/bottle beer; $4 mixed well drinks; $5 house wines; $8 Lukasowa martini/cosmos; $1 off drafts; $5 bar menu
Cantina Dos Segundos	39.96481	-75.14026	931 N. 2nd Street	4:00 pm	6:00 pm	$2 Off Drafts, $2 Mexican Beers, $20 Pitchers, $5.50 Margaritas or Sangrias
Cantina Feliz	40.136374	-75.213808	424 S. Bethleham Pike	5:00 pm	7:00 pm	$2 Dos Equis, $3 Craft Beer, $4 House Wine, Red/White Sangria, $5 Feliz Margaritas, $2 Off Specialty Cocktails, $5 Food Menu
Cantina Los Caballitos	39.92885	-75.16435	1651 East Passyunk Avenue	4:00 pm	6:00 pm	1/2 Off Classic Margaritas and Pitchers; 1/2 Off Sangria; $2 Off Draft Beers; $2.50 Tecates
Caribou Cafe	39.94864	-75.16029	1126 Walnut St	4:00 pm	6:00 pm	$3 select beers, $4 house wines, $5 well drinks
Carol's Place	40.07929	-75.30499	201 West 6th Avenue	5:00 pm	7:00 pm	$3 domestic bottles; $4 import bottles; $2.75 mixed drinks (singles); $5.50 mixed drinks (doubles); $2 pints; free pool
Cavanaugh's Headhouse Square	39.9427567	-75.1450195	421 S 2nd Street	2:30 pm	12:00 am	$4 Craft Bottles; 50-cent Wings
Cavanaugh's Headhouse Square	39.9427567	-75.1450195	421 S 2nd Street	7:00 pm	9:00 pm	$2 Off Everything
Cavanaugh's Rittenhouse	39.9510774	-75.170927	1823 Sansom Street	11:30 am	2:00 am	$3.75 Coors Light drafts
Cavanaugh's Rittenhouse	39.9510774	-75.170927	1823 Sansom Street	5:00 pm	7:00 pm	$2 off beer, wine and mixed drinks; half priced pub menu
Cavanaugh's Rittenhouse	39.9510774	-75.170927	1823 Sansom Street	10:00 pm	12:00 am	$2 off beer, wine and mixed drinks; half priced pub menu
Cavanaugh's University City	39.95453	-75.19992	119 S. 39th Street	12:00 am	12:00 am	College night:  $3.50 single wells, $6.50 double wells, $7 High Life pitchers, $10 Malibu Suck It buckets, free pizza from 11 PM to 1 AM and DJ at 10 PM
Cavanaugh's University City	39.95453	-75.19992	119 S. 39th Street	11:00 am	2:00 am	$3.95 rotating pints and $6 select mixed drinks
Cavanaugh's University City	39.95453	-75.19992	119 S. 39th Street	4:00 pm	12:00 am	Half priced nachos and $0.60 wings
Cavanaugh's University City	39.95453	-75.19992	119 S. 39th Street	5:00 pm	7:00 pm	$2.75 domestic drafts, $3.95 craft and import pints, $2 off other drinks and bottles; 25% all appetizers
Cedar Point Bar & Kitchen	39.9768423	-75.1277643	2370 E. Norris Street	6:00 pm	7:00 pm	$1 off Old Standbys and house wines, $2 off Moscow Mule and Dark and Stormy cocktails, $8 oak-aged Negronis, $9 Old Fashioneds; $2 off Fried Pickles and Piggies and Pretzels, $4 off Wings and Veggie Wings, and $3.50 lamb sliders
Cedar Point Bar & Kitchen	39.9768423	-75.1277643	2370 E. Norris Street	10:00 pm	12:00 am	$1 off Old Standbys and house wines, $2 off Moscow Mule and Dark and Stormy cocktails, $8 oak-aged Negronis, $9 Old Fashioneds; $2 off Fried Pickles and Piggies and Pretzels, $4 off Wings and Veggie Wings, and $3.50 lamb sliders
Chap's Taproom & Sports Grill	40.141	-75.38724	2509 West Main Street	4:00 pm	6:00 pm	Half price select drafts, $7 select pitchers, $1 off premium drafts, $3 well drinks, $3.50 Long Island Teas, $2 off all wines, and half price appetizers
Charlie was a sinner.	39.9495	-75.16176	131 South 13th Street	4:00 pm	7:00 pm	no description
Chart House	39.9401827	-75.1421276	555 S. Columbus Boulevard	4:30 pm	7:00 pm	$2.50 domestic bottles, $3.50 import and specialty bottles, $4 well drinks, $6 select wines and cocktails, $7 Martinis; $4-7 food menu
Cheu Noodle Bar	39.9467949	-75.1577025	255 S 10th Street	5:00 am	6:30 am	$5 Food: Al Pastor Dumplings, Rangoon Dumplings, Wings, Tomato Salad, Chef Special  $6 Bartenders Cocktail $2 High Life's $1 Off Drafts $2 Off Wines
Chickie's and Pete's Crab House and Sports Bar	39.91147	-75.17456	1526 Packer Avenue	10:00 pm	12:00 am	$7 specialty drinks, $5 personal pitchers, $3 domestic bottles and house mixed drinks, $2 off premium wines and liquors, $1 off all craft drafts
Chima Brazilian Steakhouse	39.95452	-75.17134	1901 JFK Blvd	5:00 pm	7:00 pm	$5 craft beers, wines, Caipirinhas and appetizers
Chris' Jazz Cafe	39.9502927	-75.164507	1421 Sansom Street	5:00 pm	7:00 pm	$4 IPAs Buy One Get One Wings
City Tap House	39.9543092611596	-75.2013524735412	3925 Walnut Street	5:00 pm	7:00 pm	$2 Off All Drafts and House Wine
CJ & Ecks	40.02547	-75.21302	384 Shurs Lane	4:00 pm	6:00 pm	$2 Domestics & $3 Micro/Imports
CJ & Ecks	40.02547	-75.21302	384 Shurs Lane	9:00 pm	11:00 pm	$15 Coors Light and Blue Moon buckets; $3 Red Bull Bombs
Coeur	39.95046	-75.16921	824 South 8th Street	11:30 am	5:00 pm	Come in for day drinking and get 20% off your total bill
Coeur	39.95046	-75.16921	824 South 8th Street	5:00 pm	7:00 pm	$5 All Draft Wine $4 All Draft Beer $5 Happy Hour Food Menu $5 Kids Meals
Con Murphy's	39.95602	-75.167795	1700 Benjamin Franklin Parkway	4:00 pm	6:00 pm	$3 house pints, $4 select pints and well drinks, and $2 off all wines; $5 apps
Continental Midtown	39.9519	-75.17044	1801 Chestnut Street	5:00 pm	7:00 pm	$5 select wines, $3 Miller Lite, 1/2 price regular cocktails, discounted specialty cocktails, 1/2 select plates
Continental Old City	39.949687	-75.143635	138 Market Street	5:00 pm	7:00 pm	$3 Drafts, $4 Wines, $5 Specialty Cocktails, $1-$2 Tapas Bites
Cook and Shaker	39.9826256	-75.1205402	2301 E. Albert Street	5:00 pm	7:00 pm	Draft specials and half off appetizers
Cooperage Wine & Whiskey Bar	39.948321560532	-75.152453217232	601 Walnut Street	4:00 pm	7:00 pm	$4 Draft Beers; $5 Glasses of Wine; $6 Mixed Drinks
Copabanana South Street	39.9415396707737	-75.1492296159267	344 South Street	4:00 pm	7:00 pm	$5 appetizers, Mojitos and Margaritas,$4 call drinks and $3 well drinks
Copabanana University City	39.9515114	-75.20327	4000 Spruce Street	5:00 pm	7:00 pm	$3 and $4 draft beers, $3 well cocktails and $6 nachos and chicken and veggie quesadillas
Couch Tomato, The	40.024759	-75.2213093	102 Rector Street	4:30 pm	6:30 pm	Ask about the daily craft beer special
Couch Tomato, The	40.024759	-75.2213093	102 Rector Street	6:30 pm	10:00 pm	Burger and a craft beer for $13 or beer flight for $15; add a side for $3
Crime & Punishment Brewing Company	39.9541283	-75.1595917	2711 W Girard Avenue	4:00 pm	7:00 pm	$1 off all beers $5 Kielbasa Sandwiches
Cuba Libre	39.949589	-75.14391	10 S 2nd Street	5:00 pm	7:00 pm	$5 cocktails, $4 Sangria, $4 select wines and beers; $4, $5 and $6 small bites
Curran's Irish Inn	40.02213	-75.03999	6900 State Road	4:00 pm	6:00 pm	$2.25 domestic drafts and $2.75 domestic bottles
Dandelion	39.951004	-75.170636	124 18th St	5:00 pm	7:00 pm	$2 Snacks, $3 Select Drafts, $4 House Wines, All at Downstairs Bar Only
Dave & Buster's	39.9561984740276	-75.1385826974464	325 N Columbus Blvd	11:30 am	12:00 am	$5 select appetizers
Dave & Buster's	39.9561984740276	-75.1385826974464	325 N Columbus Blvd	5:00 pm	7:00 pm	Half-priced cocktails, $1 off 22oz drafts and glasses of wine, and $3 off bottles of wine
Dave & Buster's	39.9561984740276	-75.1385826974464	325 N Columbus Blvd	8:00 pm	10:00 pm	Half-priced cocktails, $1 off 22oz drafts and glasses of wine, and $3 off bottles of wine
Davio's Northern Italian Steakhouse	39.9508994	-75.1687058	111 S 17th Street	5:00 pm	7:00 pm	$5 Martinis, discounted draft beer and wines by the glass, complimentary hor'dourves
Dawson Street Pub	40.01853	-75.21276	100 Dawson Street	5:00 pm	7:00 pm	Half price draft beers and special Happy Hour food menu
Devil's Alley	39.95201	-75.17198	1907 Chestnut Street	5:00 pm	7:00 pm	$3 featured drafts, $3 wine, $4 well drinks, $5 and under appetizers, $2 Yuenglings, $5 Sangrias
Devil's Den	39.9358099	-75.16206	1148-1150 S. 11th Street	5:00 pm	7:00 pm	1/2 Price Drafts & Tapas Menu
Devon Seafood Grill	39.949186	-75.1706897	225 S. 18th Street	5:00 pm	7:00 pm	$1 off draft and bottled beer, $7.50 house wines, select cocktails and martinis; $7 appetizer menu and Buck a Shuck oysters (4-7 PM)
Dirty Frank's	39.945371836091	-75.162821294241	347 South 13th Street	5:00 pm	7:00 pm	Food and drink specials
Dive	39.93685	-75.15473	947 E. Passyunk Avenue	5:00 pm	7:00 pm	Free Pizza, $2 Beer of the Week & Well Drinks
Dock Street Brewing Company	39.9477306374112	-75.2227761947336	701 South 50th Street	4:00 pm	6:00 pm	$1 off House Brews, 10% off Small Pizzas
Dolphin Tavern, The	39.9305497	-75.1682524	1539 South Broad Street	9:00 pm	10:00 pm	$1 Tecates and well drinks
Doobies	39.94643	-75.17846	2201 Lombard Street	3:00 pm	2:00 am	$5 Sly Fox can and shot of bourbon
Doobies	39.94643	-75.17846	2201 Lombard Street	5:00 pm	7:00 pm	$0.50 off all drinks; $13 Flying Fish pitchers; $3 off pitchers
Draught Horse	39.978966896411	-75.158900134133	1431 Cecil B Moore Ave	3:00 pm	7:00 pm	$1 off all premium and craft beers, $2 off wine by the glass, $3 domestic drafts and bottles, $4 well drinks, and $5 Margs and Long Islands
Draught Horse	39.978966896411	-75.158900134133	1431 Cecil B Moore Ave	9:00 pm	11:00 pm	$2 Rolling Rocks drafts, $2.75 Yuengling 16oz drafts, $3 Jim Beam and Bacardi drinks, $5 Personal Pitchers of Yuengling and select cocktails, 25% off wings or 50% off wings with purchase of Personal Pitcher
Drinker's Pub	39.95209	-75.17206	1903 Chestnut Street	5:30 pm	7:30 pm	All drinks half price
Drinker's Tavern	39.9495999	-75.14325	124 Market Street	5:30 pm	7:30 pm	Half-Price All Drafts; $1 Dogs; $1 Tacos
Drinker's Tavern	39.9495999	-75.14325	124 Market Street	10:00 pm	12:00 am	$1 Coors Banquet Cans; $3 Well Mixed Drinks
Druid's Keep	39.96286	-75.13993	149 Brown Street	5:00 pm	7:00 pm	Food and drink specials
Earth - Bread + Brewery	40.05912	-75.19043	7136 Germantown Avenue	4:30 pm	5:30 pm	$2 off all house drafts
El Bar	40.2043451579062	-74.953075312078	1356 N. Front Street	5:00 pm	7:00 pm	$2.50 Kenzinger drafts, $2.50 domestic bottles, $4 16 oz. well drinks
El Camino Real	39.9674849	-75.1401466	1040 N 2nd St	5:00 pm	7:00 pm	1/2 Price margaritas (Glass and Pitchers)
El Rey	39.9524199	-75.17399	2013 Chestnut St	5:00 pm	6:30 pm	$1 Tacos, $2 Tecate Cans, $3 Modelos, $4 House Margaritas
Eulogy Belgian Tavern	39.9483817003898	-75.1438970407737	136 Chestnut Street	5:00 pm	7:00 pm	$3 Stella, Leffe, & Hoegaarden
Fado Irish Pub	39.9482307	-75.1666718	1500 Locust Street	4:00 pm	7:00 pm	$4 monthly rotating beer & $4 small plates
Fare	39.8664	-75.54476	2028 Fairmount Avenue	5:00 pm	7:00 pm	$6 select cocktails, $4 house wines by the glass, $3 bottled beers and $1.50 off all draft beers, bar bites $3-8 and $1.50 oysters
FARMiCiA	39.9496993	-75.1457815	15 South 3rd Street	5:00 pm	7:00 pm	Half-priced tonics, wine, beer and cocktails; special food menu
Fergie's Pub	39.9495999	-75.16115	1214 Sansom Street	9:00 pm	10:00 pm	no description
Fette Sau	39.9693009922627	-75.1345956570778	1208 Frankford Avenue	5:00 pm	7:00 pm	1/2 price beer; $5 Manhattans and Old Fashioneds; $4 smoked chicken legs; $4 burnt end sandwich
Field House	39.9527349	-75.158939	1150 Filbert Street	5:00 pm	7:00 pm	$4 select drafts, $5 select craft cocktails and $6 house wines
Fingers Wings and Other Things	40.09411	-75.28789	107 W Ridge Pike	4:00 pm	6:00 pm	$1.50 off craft drafts, call drinks and wines, $1 off macro drafts and 1/2 price appetizers (excluding seafood)
Finn McCool's Ale House	39.94974	-75.16057	118 S 12th Street	5:00 pm	7:00 pm	$4 all drafts, $4 wines, $4 well drinks; $6 select apps
Flanigan's Boathouse Conshohocken	40.0740814	-75.3055801	113 Fayette Street	11:00 am	12:00 am	$3.50 Goose Island select drafts and $5 Goose Island Sofie drafts
Fluke's Irish Pub	39.9488792	-75.1441498	7401 State Road	4:00 pm	7:00 pm	$1.50 Domestic Pints, $2.75 Domestic Bottles, $3 Well Drinks, 1/2 Price Appetizers, $5 for 10 Wings
For Pete's Sake Pub	39.9354888	-75.1454078	900 South Front Street	5:00 pm	7:00 pm	Drink specials; half off nachos and quesadillas, $6 Pierogies and chicken tenders
Fountain Porter	39.9294853210449	-75.161376953125	1601 S. 10th Street	5:00 pm	7:00 pm	$1.50 off drafts
Fox & Hound Tavern	39.94629	-75.1577499	1501 Spruce Street	11:00 am	2:00 am	$5 House Margaritas
Fox & Hound Tavern	39.94629	-75.1577499	1501 Spruce Street	4:00 pm	7:00 pm	$2 Tacos (Chicken or Fish)
Fox & Hound Tavern	39.94629	-75.1577499	1501 Spruce Street	10:00 pm	12:00 am	$6 Monster Bombs
Frankford Hall	39.969539	-75.1346	1210 Frankford Avenue	4:00 pm	7:00 pm	1/2 liter drafts $5, $10 liter drafts, $6 warm bavarian pretzel w/ 1/2 liter of Victory Prima Pils, $8 choice of one sausage w/ 1/2 liter of any draft beer, $3 french fries
Garage	39.9335406	-75.1589076	1231-1233 E Passyunk Ave	1:00 pm	3:00 pm	$2 PBR and Narragansett Lager $4 Pickle Back $4 Fireball Shot $1 off all draft beers
Garces Trading Company	39.9477744	-75.1599651	1111 Locust Street	4:00 pm	6:00 pm	$5 and $6 food and drink specials
Goat's Beard, The	40.0238229063317	-75.2201271057129	4201 Main Street	5:30 pm	7:00 pm	$3.50 drafts; $3.50 premium well cocktails; $5 select red & white wines
Good Dog Bar	39.948793	-75.1662055	224 S 15th Street	5:00 pm	7:00 pm	$1 Off All Drinks
Grape Room	40.0255165	-75.2231598	105 Grape Street	8:00 pm	10:00 pm	$3 PBR Pounders
Harvest Seasonal Grill	39.9541422603269	-75.2027186972584	200 S 40th Street	5:00 pm	7:00 pm	$2 Select Craft Drafts, $3 Skyy 'You-Call-Its'; $4 House Wine, $4 Seasonal Cocktail, $5 Apps; 1/2 Price Tacos
Harvest Seasonal Grill	39.9541422603269	-75.2027186972584	200 S 40th Street	8:00 pm	12:00 am	$3 Long Island Iced Tea Pints; $3 Select Craft Beer Pints; 1/2 Price Tacos
Hawthorne's Biercafe	39.941049	-75.160847	738 S. 11th Street	4:00 pm	6:00 pm	1/2 Off All Drafts
HeadHouse	39.9422112	-75.1455536	122 Lombard St	4:00 pm	6:00 pm	$5 Select Beers
Helium Comedy Club	39.95152142926	-75.174809946697	2031 Sansom Street	6:00 pm	8:00 pm	$3 Seasonals, $6 Martinis
ICandy	39.9470215	-75.1612091	254 12th Street	4:00 pm	7:00 pm	$3 off Signature Drinks; $2 off All Other Booze
ICandy	39.9470215	-75.1612091	254 12th Street	9:00 pm	12:00 am	$3 Coors drafts and bottles, $4 Fishbowls, $5 frozen Fishbowls, and $20 Gangbangs, No Cover
IndeBlue	39.9109954	-75.0847936	205 13th Street	5:00 pm	7:00 pm	$4 and $5 drink and food specials
IndeBlue	39.9109954	-75.0847936	205 13th Street	8:30 pm	10:00 pm	$4 and $5 drink and food specials
Industry, The	39.9446411	-75.1590424	1401 East Moyamensing Avenue	4:00 pm	7:00 pm	Buck-a-shuck oysters and $1 mac and cheese croquettes, $3 local draughts, $4 house red or whites wines and $5 select cocktails
Institute, The	39.96284	-75.15731	549 N. 12th St	4:00 pm	6:00 pm	$2 Off Draft Beers, Well Drinks, and Apps
Institute, The	39.96284	-75.15731	549 N. 12th St	10:00 pm	12:00 am	$2 Off Draft Beers, Well Drinks, and Apps
Interstate Drafthouse	39.97199	-75.128871	1235 E. Palmer St	4:30 pm	6:30 pm	$2 PBR cans and $4 drafts
Irish Pol	39.94954	-75.14284	114 Market Street	5:00 pm	7:00 pm	Shots & Most of the 40 Draft Beers are $3.
Irish Pub 12th St	39.95082	-75.17424	1123 Walnut Street	11:00 am	2:00 am	$3.50 Miller Lite pints, $5 Yards IPA pints, $5 Bay Breeze cocktails
Irish Pub 20th St	39.9466238	-75.1609139	2007 Walnut Street	11:00 am	2:00 am	$3.50 Miller Lite pints and $4 Yards; Kick the Can Night:  $5 select craft cans from 5-7 PM
Irish Times	39.94036	-75.14567	629 S. 2nd St	4:00 pm	12:00 am	$2.50 domestic drafts, $4 craft/import drafts, $3 call drinks, and $5 pizza
Irish Times	39.94036	-75.14567	629 S. 2nd St	4:00 pm	7:00 pm	Half off drinks, beers and apps
Iron Abbey Gastropub	39.951004	-75.170636	680 N. Easton Road	4:00 pm	7:00 pm	$3.50 drafts, $4 cocktails,sangria and house wines, and $5 food
Iron Hill	40.0086793	-75.2973563	8400 Germantown Avenue	5:00 pm	7:00 pm	$2 off house and seasonal beers, $5 and $7 select wines and spirits; $5 and $7 apps
J.D. McGillicuddy's Manayunk	40.0255643502593	-75.2222046729253	111 Cotton Street	12:00 am	12:00 am	Quizzo, $2 any draft beer
J.D. McGillicuddy's Manayunk	40.0255643502593	-75.2222046729253	111 Cotton Street	6:00 pm	9:00 pm	Half-off all drinks, buy-one-get-one-free appetizers.
Jake's & Cooper's Wine Bar	40.02588	-75.2241	4367 Main Street	5:00 pm	7:00 pm	$4 "Cheap" Red and White Wine, $3 Local Beer, $5 Specialty Cocktails, all at the bar only
Jamonera	39.9502792	-75.1616592	105 South 13th Street	10:00 pm	11:00 pm	$3 beer, $4 sangria, $5 wine, $15 sherry tasting, $2 tapas, kitchen staff snacks.
Jerry's Bar	39.96514	-75.13892	129 Laurel Street	5:00 pm	7:30 pm	$2 Off Drafts; $5 Select Cocktails; $5 House Wines; Half-Price Select Apps; $2 Jerry's Burger Sliders
Jet Wine Bar	39.94403	-75.16799	1525 South Street	4:00 pm	7:00 pm	$5 House Wines, $5 Cocktail du jour, $3 Kenzinger, $5 Nachos
JG Domestic	39.9570730968858	-75.1820826530457	2929 Arch Street	3:00 pm	7:00 pm	$3-$4 Beers, $6 Wines, $7 Cocktails
JJ Bootleggers	39.948986	-75.14377	35 S. 2nd Street	5:00 pm	7:00 pm	$4 Drafts; Half-Price Moonshine Specialty Drinks
John Henry's Pub	40.0069273	-75.2929585	98 Cricket Avenue	4:00 pm	7:00 pm	$2.50 Miller Lite and Yuengling, $4.50 Guinness, Carlsberg, and Lagunitas IPA, $2 off all wines and $4 Fireball; $5 Apps
John Henry's Pub	40.0069273	-75.2929585	98 Cricket Avenue	9:00 pm	11:00 pm	no description
Johnny Brendas	39.969037	-75.134313	1201 N. Frankford Avenue	4:00 pm	6:00 pm	$1 off all drinks, half-off oysters.
Johnny Mananas	39.9657549	-75.1324869	4201 Ridge Avenue	4:30 pm	6:30 pm	$2 Domestic Drafts, $3 Import Drafts, $4 Well Drinks, $5 Nachos, Jalapeno poppers, Chicken fingers, $8 Fish Tacos
Jon's Bar and Grille	39.9412993	-75.1477446	606 S 3rd Street	5:00 pm	7:00 pm	$2 off all drafts, Jon's martinis, Jon's favorites, bottled beers and frozen drinks, plus $5 wings and nachos, and $8 mussels
Jose Pistolas	39.94766	-75.16616	263 S 15th St	4:00 pm	6:00 pm	$3 PBR, Miller Lite, & Yuengling; $5 Craft Beer Cans; $15 Margarita Pitchers; $20 Flavored Margarita Pitchers
Kelliann's Bar and Grill	39.963089	-75.1644897	1549 Spring Garden	5:00 pm	7:00 pm	$1 off all drafts and wine
Kelly's Taproom	40.0246201	-75.3242493	1107 W. Lancaster Avenue	11:30 am	12:00 am	$3 Lagunitas and Blue Moon
Kelly's Taproom	40.0246201	-75.3242493	1107 W. Lancaster Avenue	4:00 pm	6:00 pm	$2 domestic drafts and well drinks and $3 imports and wines
Kensington Quarters	39.97052	-75.1347399	1310 Frankford Avenue	5:00 pm	7:00 pm	$5 Small plates and drink specials
Khyber Pass Pub	39.9488792	-75.1441498	56 S. Second Street	4:00 pm	6:00 pm	$10 select pitchers; $1.50 domestic bottles; $2 off drafts; $1 off everything else
Kildare's Irish Pub	40.0264	-75.22523	4417 Main Street	11:00 am	12:00 am	$3 Coors Lite, Yuengling, & Miller Lite drafts and $4 Blue Moon drafts
Kildare's Irish Pub	40.0264	-75.22523	4417 Main Street	8:00 pm	12:00 am	$1 drinks and domestic drafts
Kite & Key	39.96035	-75.16967	1836 Callowhill Street	5:00 pm	7:00 pm	$1 Off All Drafts
Kraftwork	39.9715118	-75.1273499	541 E. Girard Avenue	4:00 pm	6:00 pm	$7 select food menu
Kraftwork	39.9715118	-75.1273499	541 E. Girard Avenue	10:00 pm	11:00 pm	Twelve select drafts are half price
La Calaca Feliz	39.9675407	-75.1760483	2321 Fairmount Avenue	4:00 pm	7:00 pm	$2.50 Dos Equis and Corona Light, $3 Pacifico, $4 house wines, $5 Sangria, $5.50 Feliz Margaritas and $2 off specialty cocktails; special food menu 4-6 PM
La Fourno	39.942059	-75.153412	636 South Street	4:00 pm	7:00 pm	$6 wine by the glass, $7 signature cocktails, 10% off wine by the bottle
Ladder Fifteen	39.95024	-75.16623	1528 Sansom Street	5:00 pm	7:00 pm	$4 bottled beer, $5 drafts, call drinks and house wine, and $6 specialty cocktails
Landmark Americana	39.955958656785	-75.1906506718341	3333 Market Street	4:00 pm	7:00 pm	$5 wines by the glass, $3.50 Sangria, $3 SoCo Lime Shots and Oak & Cokes, $2.50 Narragansett; discounted food menu
Landmark Americana	39.955958656785	-75.1906506718341	3333 Market Street	9:00 pm	12:00 am	$2.50 well drinks and Yuenglings
Las Bugambilias	39.9410506	-75.1453304	148 South Street	5:00 pm	7:00 pm	$6 house Margaritas and house wines, $5 Mexican beers and special happy hour food menu
LaScala's	39.94963	-75.15166	615 Chestnut St	5:00 pm	7:00 pm	$2.50 Sierra Nevada, Coors Light, & Yuengling drafts, $5 vodka cocktails, $7 vodka martinis, $4 house wine
Liberty Bar	40.216671	-74.7301102	2204 Market Street	5:00 pm	7:00 pm	$3 Domestics, $4 Crafts & Imports, $4 Well Drinks, $5 Wines; $.50 Wings
Liquid Room	39.9723048	-75.1389466	1361 N. 2nd Street	5:00 pm	7:30 pm	Select 12 oz. beer bottles $1-3, select 16 oz. drafts $1-4, select cocktails $4-8 and $2 Fireballs; food menu $2.50-6
Little Lion	39.948901	-75.145787	243 Chestnut Street	5:00 pm	7:00 pm	Food Specials: $5 Poutine (pork belly, housemade cheese, fried egg) $6 Smoked Chicken Wings Buck-A-Shuck Oysters  Drink Specials: $3 Beers (Lager and one rotating featured beer) $5 Wines and Sangria $6 Specialty Cocktail
Local 44	39.9527615	-75.2102407	4333 Spruce Street	5:00 pm	7:00 pm	$3 Local Drafts, $4 Snack Menu
Locust Rendezvous	39.9486084	-75.1656113	1415 Locust Street	11:00 am	2:00 am	$2.25 draft beers, $3.25 select craft beers and $3 Shot of the Week
London Grill	39.96758	-75.17546	2301 Fairmount Avenue	5:00 pm	7:00 pm	$3 Usual Suspects and well drinks, $4 select draught beers, $5 house wines and select cocktails, inside bar food specials from 4-7 PM
London Grill	39.96758	-75.17546	2301 Fairmount Avenue	7:00 pm	12:00 am	Throwback Thursday wine coolers, High Life, and old school music
Lucha Cartel	39.9484906	-75.1444675	207 Chestnut Street	5:00 pm	7:00 pm	$5 house margarita, sangria, mojitos, can of Tecate and shot of Sauza Silver; $5 happy hour food menu
Lucky 13 Pub	39.92716	-75.16713	1820 S. 13th Street	5:00 pm	7:00 pm	$1 Off All Drinks
Lucky Strike Lanes	39.95068	-75.1635419	1336 Chestnut Street	4:00 pm	7:00 pm	$3 drafts and Citywides, $4 house wines by the glass, and $5 select cocktails
M Restaurant at The Morris House	39.947325734072	-75.154311399607	231 S. 8th Street	4:00 pm	10:00 pm	3 for $15 Bar Bites at the Bar and Outdoor Cocktail Area
M Restaurant at The Morris House	39.947325734072	-75.154311399607	231 S. 8th Street	4:00 pm	6:00 pm	$4 Beers; $6 Wines, $6 Cocktails; 3 for $15 Bar Bites
Mac's Tavern	39.949791	-75.1447296	226 Market Street	4:30 pm	6:30 pm	$4 drafts and $5 select wines and cocktails; $2 off appetizers
Mac's Tavern	39.949791	-75.1447296	226 Market Street	7:00 pm	10:00 pm	$4 Fortis Cocktails
Mad Mex	39.9533493174969	-75.1935187050184	3401 Walnut Street	4:30 pm	6:30 pm	$7 Big Azz (22oz), $5 16oz, & $3 12oz House Margaritas. Half off all Drafts & Wings
Mad Mex	39.9533493174969	-75.1935187050184	3401 Walnut Street	10:00 pm	12:00 am	$7 Big Azz Margaritas
Mad River Manayunk	40.02214	-75.21869	4100 Main Street	8:00 pm	11:00 pm	$1 Bud Light bottles, $2 You-Call-Its, and $3 Twisted Teas
Maggie's Waterfront Cafe	40.0434234376362	-74.9895148465576	9242 N. Delaware Avenue	11:00 am	2:00 am	$12 Bud Light buckets, $15 domestic buckets and $20 import buckets
Maggie's Waterfront Cafe	40.0434234376362	-74.9895148465576	9242 N. Delaware Avenue	4:30 pm	6:30 pm	$2 domestic drafts, $2.50 domestic bottles, $3.50 well drinks, half off select appetizers
Maggie's Waterfront Cafe	40.0434234376362	-74.9895148465576	9242 N. Delaware Avenue	5:00 pm	12:00 am	$3 Stella Cidre
Manayunk Brewery	40.022471	-75.2188	4120 Main Street	11:00 am	10:00 pm	$3 select house drafts
Manayunk Brewery	40.022471	-75.2188	4120 Main Street	5:00 pm	7:00 pm	$1 off all drinks, $5 wings and California rolls and $6 quesadillas and salmon avocado rolls, and 48 chef's choice pizza (bar/cocktail areas only)
Manayunk Tavern	40.0246	-75.2211	4247 Main Street	4:00 pm	2:00 am	$5 Margaritas
Manayunk Tavern	40.0246	-75.2211	4247 Main Street	4:00 pm	6:00 pm	$3 Drafts
Manny Brown's	39.94164	-75.15134	512 South Street	11:00 am	12:00 am	$2.75 Lager Pints
Manny Brown's	39.94164	-75.15134	512 South Street	5:00 pm	7:00 pm	Half Priced Drafts, Domestic Bottles, and Well Drinks
Martha	39.98222	-75.12809	2113 E York Street	5:00 pm	7:00 pm	$1 off all draft beverages, wine, cocktails 1/2 off special selections
McCrossen's Tavern	39.9630814	-75.1708832	529 N. 20th Street	5:00 pm	7:00 pm	$2 Off Draft Beers; $5 Select Wines; $6 Select Cocktails; $3-$7 Bar Snacks
McGillin's Olde Ale House	39.95018	-75.16253	1310 Drury Street; 19107	5:00 pm	2:00 am	$2.99 Margaritas, $6.50 PBR pitchers and $8.50 Bud Light, Miller Lite, and Yuengling Light pitchers; $2.99 cheese nachos
Memphis Taproom	39.9805643	-75.1232483	2331 E. Cumberland Street	4:00 pm	6:00 pm	$1 off all draft beers inside the bar and cans out in the Beer Garden
Milkboy	39.9500008	-75.1587982	1100 Chestnut St	12:00 pm	1:00 am	$6 City Wides and $5 shots
Milkboy	39.9500008	-75.1587982	1100 Chestnut St	4:00 pm	7:00 pm	$2 off draught beers, wine, and specialty cocktails and $5 well drinks
Misconduct Tavern	39.94861	-75.16665	1511 Locust Street	4:30 pm	7:00 pm	$5.50 Drafts Beers and Wine; $7 Cocktails
Mix Pizzeria & Bar	39.9418106	-75.1537476	2101 Chestnut Street	5:00 pm	7:00 pm	$2 PBR and Rolling Rock, $3 drafts, and $4 select wines and mixed drinks
Mixto	39.945229	-75.1611099	1141 Pine Street	4:30 pm	6:30 pm	$5 Classic Mojitos, Margaritas, and Caipirinhas, $5 House Wines, $3 Latin Bottled Beers and Select Drafts, $2 Tilapia Ceviche Shooters, $5 Bites
Moriarty's	39.94859	-75.15987	1116 Walnut Street	5:00 pm	7:00 pm	All drafts $3 and $5
National Mechanics	39.9495401	-75.145949	22 S 3rd Street	5:00 pm	7:00 pm	$3 off Most Pitchers; $2 off Specials Drinks; $1 off Most Pints
Neuf Restaurant	39.9378	-75.15794	943 South 9th Street	5:00 pm	7:00 pm	no description
New Deck Tavern	39.9534645080566	-75.1926040649414	3408 Sansom St; 19104	5:00 pm	7:00 pm	$1 Off All Drinks; $5 Apps
New Delhi	39.95538	-75.20261	4004 Chestnut Street	4:00 pm	6:00 pm	$1 off beer and cocktails
New Wave Cafe	39.9381187	-75.1484869	784 S 3rd St	4:00 pm	6:00 pm	$1 Off All Food & Drinks
Nick's Bar & Grill - Old City	39.92443	-75.17928	16 S. 2nd Street	4:00 pm	7:00 pm	$1.75 Domestic Drafts; $5 App Menu
Nomad Roman	39.9480175237328	-75.1626882640886	1305 Locust Street	4:30 pm	6:30 pm	$5 bar pizzas; $4 draft beer specials; $5 select wine glasses; $25 select wine bottles
O'Neals Pub	39.941026	-75.147402	611 S 3rd Street	4:30 pm	8:30 pm	Half priced select beers and drinks and $5 apps, downstairs only
O'Neals Pub	39.941026	-75.147402	611 S 3rd Street	6:30 pm	2:00 am	Bucket of Beers (Miller Lite, Miller High Life, Rolling Rock, or Corona Ponies) 6 for $7
Ocean Prime	39.9501274107382	-75.1659335862203	124 S. 15th Street	4:30 pm	6:30 pm	$5 beers and select appetizers, $10 specialty cocktails and select wines
Oh	39.9526899	-75.16921	1907 Sansom Street	5:00 pm	7:00 pm	$3 Lagers and Miller Lites; $4 Cosmos, Wine, Well Drinks, and Margaritas; $3 & $4 Small Plates
Old Eagle Tavern	40.0226623002652	-75.2144606194079	177 Markle Street	5:00 pm	7:00 pm	1/2 Price Drafts, $2 Domestic Bottles
Opa	39.9499818692831	-75.1624407578698	1311 Sansom St	5:00 pm	7:00 pm	$3 select craft beers, $4 house wines, $5 specialty cocktails
Opa	39.9499818692831	-75.1624407578698	1311 Sansom St	10:00 pm	11:00 pm	$3 select craft beers, $4 house wines, $5 specialty cocktails
Ortlieb's Lounge	39.964552583387	-75.142451269012	847 N 3rd Street	6:00 pm	8:00 pm	$3 Domestic Drafts, $4 Crafts, $9 Domestic Pitchers, $12 Craft Pitchers, $1 Tacos
Out of Wack Jack's	40.0569611	-75.0145416	3156 Willits Road	4:00 pm	6:00 pm	$1.50 domestic pints
Oyster House	39.953690777844	-75.193338491278	1516 Sansom Street	5:00 pm	7:00 pm	$1 oysters, $3 shooters, $3 drafts and $5 punch
P.Y.T.	39.9613377	-75.1461941	1050 N. Hancock Street	5:00 pm	7:00 pm	$3 Yuengling Drafts; $3 Craft Beer Cans; $3 House Wine; $5 Bar Snacks
Paddy Whack's Irish Sports Pub NE	40.074489	-75.031733	9241 Roosevelt Blvd	11:00 am	2:00 am	$6 Bud Light pitchers with valid app purchase; $10 buckets
Paddy Whack's Irish Sports Pub NE	40.074489	-75.031733	9241 Roosevelt Blvd	4:00 pm	6:00 pm	$3 Guinness; $3 crafts; $2 well drinks; $1.50 domestic pints & 1/2 price appetizers
Paddy Whacks	39.951639	-75.163808	150 South Street	5:00 pm	7:00 pm	$3 Guinness pints and crafts, $2 domestic pints, bottles and well drinks, and 1/2 price appetizers
Pagano's Market and Bar	39.9543093077311	-75.1739177337989	2001 Market Street	4:00 pm	6:00 pm	$3 selected beer; $5 wine; $5 Martini; $5 Manhattans
Panorama	39.950201	-75.142285	14 N Front Street	5:00 pm	7:00 pm	At the Wine Bar: $5 off every wine tasting flight, $5 select wines, $4 select beers and $4 off signature cocktails; half off appetizer menu
Pattaya Grill	39.95539	-75.20268	4006 Chestnut Street	5:00 pm	7:00 pm	$4 wine and cocktails, $1 off select beer
Percy Street Barbeque	39.9424853	-75.1572391	900 South Street	5:00 pm	6:30 pm	Special food and drink menu
Pinocchio's	39.9164780613895	-75.3867324538851	131 E Baltimore Pike	12:00 am	12:00 am	All you can eat pizza and soda or pasta and salad for $7.59; $1.50 Bud Light and Coors Light bottles; $3 Heineken, Heineken Light, and Amstel Light bottles
Pinocchio's	39.9164780613895	-75.3867324538851	131 E Baltimore Pike	4:00 pm	6:00 pm	1/2 Price Drafts and Mixed Drinks; $5 Apps
Pod	39.953999274991	-75.196107170234	3636 Sansom Street	9:00 pm	11:00 pm	$6 cocktails; $6 wine; $4 beer; $5 bites
Positano Coast	39.9467964	-75.1450119	212 Walnut Street	5:00 pm	7:00 pm	$4 Yuengling Lager, Miller Lite, Peroni; $6 signature cocktails (Positano Lemon Drop, Red Sangria, Bartender's Choice); $5 wines by the glass
Prime Stache	39.948013	-75.143017	110 Chestnut Street	5:00 pm	7:00 pm	$1 off Drafts; $2 off Cocktails; $5 Apps
Prohibition Taproom	39.96131	-75.15929	501 N 13th Street	5:00 pm	7:00 pm	$7 wines and specialty cocktails, $4 draft pints and $1 off small plates
Pub & Kitchen	39.94564	-75.17475	1946 Lombard Street	4:00 pm	6:00 pm	$20 Select Bottles of Rose $5 You Call It Old Fashioneds (choose mezcal, whiskey or rum)and P&K Pils  $10 Cheese Plate 1/2 Priced Oysters $7.95 "Almost Famous Happy Hour Burger"
Pub on Passyunk East	39.93081	-75.16202	1501 Passyunk Avenue	4:00 pm	6:00 pm	1/2 price drafts, $1 off well drinks
Pub Webb	39.9791353607455	-75.160534072999	1527 Cecil B Moore Avenue	4:00 pm	6:00 pm	$3 select drafts, $4 mixers and $6 flavored Long Islands; half off all fries and special food menu
Pub Webb	39.9791353607455	-75.160534072999	1527 Cecil B Moore Avenue	6:00 pm	9:00 pm	2-for-1 wings and $1 Coors Light drafts
Queen of Sheba	39.9492199	-75.21357	4511 Baltimore Avenue	11:00 am	12:00 am	$4 Citywide special
R2L	39.9516172611844	-75.1671904570084	50 South 16th Street	4:30 pm	6:30 pm	$3 Corona, Miller Light, & Yuengling, $4 Heineken & Heineken Light, $7 rotating wine selections, $8 select cocktails; small bite menu
Raw Lounge	39.9498262	-75.1608377	1225 Sansom Street	4:30 pm	6:30 pm	$3 Select Draft Beer; $4 House Wines; $5 Select Cocktails/1&1s
Red Owl Tavern	39.9493	-75.14885	433 Chestnut Street	5:00 pm	7:00 pm	$3-$4 Brewer of the Month Beers, $6 Wines, $7 Specialty Cocktails, $6 Select Apps
Rembrandt's Restaurant & Pub	39.96854	-75.17484	741 N 23rd Street	5:00 pm	7:00 pm	$3 drafts, wines, and well drinks and $2 Bud Lights
Revolution House	40.0966064099625	-75.4157878831029	200 Market Street	5:00 pm	7:00 pm	1/2 off margherita pizzas; 1/2 off drafts; and $5 red and white house wines; $6 rotating specialty cocktail
Rex 1516	39.9437714	-75.1678391	1516 South Street	5:00 pm	7:00 pm	$10 Beer Flight: Choose 3 8Oz Drafts; $5 Bar Bites
ROOT Restaurant + Wine Bar	39.9695888494564	-75.1343380870143	1206 Frankford Avenue	4:00 pm	6:00 pm	$5 Snacks & Toast $6 Sangria & Special Wine $8 Gin & Tonic $7 Cheese & Salumi Plate
Rotten Ralph's	39.9485144	-75.1441951	201 Chestnut Street	4:00 pm	6:00 pm	Food and drink specials
Royal Tavern	39.93698	-75.15447	937 E Passyunk Avenue	4:00 pm	6:00 pm	1/2 price drafts, $3 well drinks
Saint Lazarus Bar	39.9687029	-75.1364723	102 W Girard Avenue	5:00 pm	7:00 pm	$3 Well Mixed Drinks; $1 off Domestic Bottles; $.50 Wings; $5 Saint Special (Two tacos and a PBR)
Saint Lazarus Bar	39.9687029	-75.1364723	102 W Girard Avenue	5:00 pm	12:00 am	no description
Saint Lazarus Bar	39.9687029	-75.1364723	102 W Girard Avenue	10:00 pm	11:00 pm	$3 Well Tequila Cocktails; $1 off Craft Brews
Sampan	39.9495313759	-75.1621570259495	124 S 13th	4:00 pm	7:00 pm	$4 select beers, specialty cocktails and house wines, $9 select cocktails, discounted select sakes and $25 scorpion bowls
Sassafras	39.364155	-75.8851013	48 S 2nd Street	5:00 pm	7:00 pm	$5 house wine, $5 well drinks, $4 selected drafts, $3 domestic bottles
Seafood Unlimited	39.94842	-75.17447	270 South 20th Street	5:00 pm	9:30 pm	$3 Yuengling drafts, $5 select cocktails and wines, special bar menu
Serrano	39.9494514	-75.1441574	20 S. 2nd Street	5:00 pm	7:00 pm	$3 select craft drafts; $5 1/4 Manhattans, martinis, and mixed drinks
Shenanigans Original	39.95707	-75.13742	3133 Gaul St.	11:00 am	2:00 am	$1.50 pints of PBRs and Rolling Rocks and $1 Lionshead pints
Shenanigans Original	39.95707	-75.13742	3133 Gaul St.	4:00 pm	6:00 pm	no description
Shenanigans Saloon	39.9861	-75.10653	1624 N. Front St.	11:00 am	2:00 am	$3 Heineken pints and $4 chili
Shenanigans Saloon	39.9861	-75.10653	1624 N. Front St.	4:00 pm	6:00 pm	$2 Coors Light and Yuengling pints, $4 select craft drafts
Sidecar Bar	39.94182	-75.17947	2201 Christian Street	4:00 pm	7:00 pm	7 Til 7 Specials: 1/2 Price on Seven Rotating Drafts; $4  Seasonal Cocktails; $7 Nachos or Two Carnitas
Sidecar Bar	39.94182	-75.17947	2201 Christian Street	10:00 pm	1:00 am	$10 Burgers
Silk City	39.9613377	-75.1461941	N 5th Street & Spring Garden Street	5:00 pm	7:00 pm	$1 Off All Drafts
Slainte Pub & Grill	39.9548158049583	-75.1836068183184	3000 Market St; 19104	5:00 pm	7:00 pm	$1 off all pints, bottles and pitchers of beer, $1 off all well, call and top shelf liquor drinks, and $1 off all wines by the glass; $5 select appetizer menu
Slate	40.3071	-75.12981	102 S 21st St	5:00 pm	7:00 pm	Discounted drinks
Smiths Restaurant & Lounge	39.9522486026619	-75.1716919960785	39-41 S 19th Street	5:00 pm	7:00 pm	$5 Bulleit and Ketel One drinks, $10 carafe of wine, and $1 off all draft beers
Smokey Joe's	39.9538174	-75.2028336	210 South 40th Street	3:00 pm	6:00 pm	$2.50 pints, $7.50 pitchers and $15 pizza and pitcher
Smokey Joe's	39.9538174	-75.2028336	210 South 40th Street	9:30 pm	10:30 pm	$7.50 pitchers
Smokin' Betty's	39.9495395622881	-75.158919095993	116 S. 11th Street	5:00 pm	7:00 pm	$3 Yuenglings and featured drafts, $4 house wines and well drinks, and $5 seasonal Sangria and Lemonade; Food menu is $3-6
South	39.927312	-75.171478	600 N. Broad Street	4:00 pm	7:00 pm	$4-$7 Beer, Wine and Select Cocktails  $4-7 Food Specials
South Philly Tap Room	39.927312	-75.171478	1509 Mifflin Street	4:00 pm	6:00 pm	1/2 off local drafts and appetizers
Southgate	39.94561	-75.1717682	1801 Lombard Street	5:00 pm	7:00 pm	$4 Sapporo $6 Wine & Sangria $5 City Wide (Sapporo + Shot of Soju)  $3 Spicy Fries $4 Fried Green Tomatoes $6 Fried Chicken Sandwich
Southwark	39.9404771	-75.1493607	701 S. 4th St.	5:00 pm	7:00 pm	$8 Selection of Cocktails $5 Select Beers & Wines $2 High Life Ponies  Discounted Select Food  $20 Bottle of Wine (Thursdays only)
Square 1682	39.9507154	-75.1687386	121 South 17th Street	5:00 pm	7:00 pm	$3 Beer: Yuengling and Bud Light $5 Wine: Chardonnay, Cabernet, Rose, Sparkling $7 Cocktail: French 75, Black Rose, Venus as a Boy  $7 Sliders and Fries: Custom blend burger; Chipotle Blackbean Burger; Curried         Chicken Salad
St. Stephen's Green	39.9646285	-75.166045	1701 Green St	4:00 pm	7:00 pm	$3 Domestic Bottles, $4 Select Drafts, $4 Well Drinks, $5 Wines, $5, $4, and $3 App Menu
Standard Tap	39.96414	-75.1404699	901 N 2nd Street	4:00 pm	6:00 pm	1/2 off weekly featured cocktail (rotating), 1/2 off weekly featured brewery beers (rotating), discount happy hour snacks
Stateside	39.930249	-75.163265	1536 E. Passyunk Avenue	5:00 pm	7:00 pm	1/2 priced drafts, buck-a-shuck-oysters, whiskey specials
Sto's Bar	39.9500081317078	-75.1446980850962	236 Market Street	12:00 pm	2:00 am	$3 Rolling Rock Pints; $8 Rolling Rock Pitchers; $10 Walt Wit Pitchers; $8 Wings and Fries
Strangelove's	39.9480724	-75.1592369	216 S. 11th Street	11:30 am	3:00 pm	$15 for 2 courses and a non-alcoholic beverage (dine-in only)
Strangelove's	39.9480724	-75.1592369	216 S. 11th Street	5:00 pm	7:00 pm	$4 select American drafts and house wines and $5 well drinks; food specials
Stratus Rooftop Lounge	39.9490984775548	-75.1490797055604	433 Chestnut Street	5:00 pm	8:00 pm	$5 call drinks or house wines; $5 glass of select bubbly; $8 specialty cocktails; 1/2 price flatbreads & snacks; 1/2 price bottle service menu
SuGa	39.95061	-75.1696599	1720 Sansom Street	5:00 pm	7:00 pm	Featured: Cocktail $7 - Wine $6 - Beer $4 - Sake $5  Food: $5 ea. Popcorn Pork Ravioli, Scallion Pancakes, Seaweed Salad, Coleslaw $7 ea. Tongpo Pork Bao Bun, Szechwan Dan Dan Noodles
Supper	39.950901	-75.1748505	926 South Street	5:30 pm	7:30 pm	$4 select beers; $5 house wines; $2 off specialty cocktails;$12 snack packs - select any 3 snacks listed on menu for $12
T. Hogans	40.0171013	-75.2104492	5109 Rochelle Avenue	3:30 pm	7:30 pm	$3 domestic drafts, bottles, and well drinks, $1 off all craft drafts
Tabu Lounge & Sports Bar	39.948458161501	-75.160737411182	200 S 12th Street	11:00 am	12:00 am	$3 domestic bottles and $6 Grey Goose; 20 wings for $10
Tabu Lounge & Sports Bar	39.948458161501	-75.160737411182	200 S 12th Street	5:00 pm	7:00 pm	$1 off All Drinks
Tabu Lounge & Sports Bar	39.948458161501	-75.160737411182	200 S 12th Street	7:00 pm	9:00 pm	Free Select Draft w/Purchase of Any Burger of Sandwich
Taproom on 19th	39.921596	-75.178679	2400 S. 19th Street	5:00 pm	7:00 pm	$2 off all draughts, $1 off all cans and bottles and $5 Jamesons; Half-priced wings and $2 Tap Burgers
Tattooed Mom	39.9417	-75.15187	530 South Street	12:00 pm	10:00 pm	Pierogie Thursday: 50¢ Pierogies 12 noon - 10pm
Tattooed Mom	39.9417	-75.15187	530 South Street	5:00 pm	7:00 pm	1/2 Off All Drafts
Tattooed Mom	39.9417	-75.15187	530 South Street	10:00 pm	11:00 pm	1/2 Off All Drafts
Tavern on Broad	39.94905	-75.16485	200 S. Broad Street	5:00 pm	8:00 pm	1/2 Off All Drinks
Tavern on Camac	39.94726	-75.16153	243 S Camac Street	6:00 pm	8:00 pm	$2.50 off beers, $2 off everything else
Tavern on the Hill	40.0771	-75.20891	8636 Germantown Avenue	5:00 pm	7:00 pm	1/2 priced drafts, $4 house wines by the glass
Tavola Restaurant + Bar	39.9259908858022	-75.3504742161407	400 W Sproul Road	4:00 pm	6:00 pm	$2.50 Shock Top, Bud Light, and Miller Lite drafts, $6 house red and white wine, and $1 off well drinks
Tavola Restaurant + Bar	39.9259908858022	-75.3504742161407	400 W Sproul Road	6:00 pm	10:00 pm	$3 Bud and Bud Light drafts
Tequilas Restaurant	39.450643	-75.700748	1602 Locust St	2:00 pm	6:30 pm	$4 drafts and bottled craft Mexican beers, $5 select wines by the glass, $6 traditional Sangria, Margaritas and mixed drinks, $7-9 select cocktails and tequilas, and $40 pitchers of house Sangria and Margarita
Teresa's Next Door	39.94771	-75.16827	126 North Wayne Avenue	11:30 am	3:30 pm	9 items for under $9 each
Teresa's Next Door	39.94771	-75.16827	126 North Wayne Avenue	4:00 pm	6:00 pm	$3 Select American drafts, $5 Select Belgian drafts, $3 off all wine by the glass
The Franklin Bar	39.951299	-75.170682	112 S. 18th Street	5:00 pm	7:00 pm	$10 Extra Credit Cocktails
The Grog Grill	40.022519836495	-75.32037	863 West Lancaster Avenue	4:00 pm	6:00 pm	$4 Drafts, $2 Yeungling, $4 Wine, Half Price Apps
The Olde Bar	39.95018	-75.16253	125 Walnut Street	5:00 pm	7:00 pm	Buck-a-Shuck Oysters & Bar Specials
The Plough & the Stars	39.9485207	-75.1436081	123 Chestnut Street	5:00 pm	7:00 pm	$3 Bud & Miller Lites, $4 craft beer $4.50 house merlot and chardonnay, $5 Bites
Time	39.9500001533391	-75.1625513634234	1315 Sansom Street	5:00 pm	7:00 pm	$5 house wines and select cocktails, $3 select seasonal drafts and $1 off all other drafts, $3-6 bar menu
Tinto	40.02154	-75.122587	114 S. 20th Street	5:00 pm	7:00 pm	$5 sangria and $7 house wine; $5 tapas
Tir Na Nog	39.954456482215	-75.166754279599	1600 Arch Street; 19103	5:00 pm	7:00 pm	$2 off all wines, $3 Yeunglings, Bud Lights and Miller Lite bottles, $4 Victory seasonals, Brooklyn Brown Ales and well drinks; half price select appetizers
Trestle Inn, The	39.9588257	-75.1566756	339 N 11th St	5:00 pm	7:00 pm	$2 Drafts; $5 Happy Hour Whiskey Sour, Trestlewide, Spirit with Mixer (rocks or neat); $1 Rosemary Parmesan Popcorn
Tria Washington Square West	39.9466238	-75.1609139	1137 Spruce Street	5:00 pm	7:00 pm	1 White Wine, 1 Red Wine, 1 Cheese plate, and 2 Beers all priced at $5 (a considerable discount) each!
Twenty Manning Grill	39.9486	-75.17402	261 S 20th St	5:00 pm	7:00 pm	$3 Drafts, $7 Wines by the Glass
Twisted Tail, The	39.94178	-75.14513	509-511 S. 2nd Street	5:00 pm	7:00 pm	$3 select drafts, $4 house wines and specialty cocktail menu; $4-6 small plates
Union Transfer	39.961536980092	-75.155339421034	1026 Spring Garden Street	9:00 pm	12:00 am	Post-Show Happy Hour (Start Time Varies): $2 Miller High Life Drafts, $3 Three Olives Drinks, $4 Jack Daniels Drinks
Urban Farmer	39.957207	-75.1699827	1850 Benjamin Franklin Parkway	3:00 pm	6:00 pm	$5.00 Red and White Wine $5.00 Specialty Cocktails $3.00 Local Draft Selection *Food Specials*
Urban Saloon	39.9670245	-75.1729544	2120 Fairmount Avenue	5:00 pm	7:00 pm	$3 Domestics; $4 Craft & Import Beers; $5.50 House Wines
Valanni	39.94685	-75.16221	1229 Spruce Street	5:00 pm	7:00 pm	$5 Specialty Cocktails, $5 Skyy Vodka Infusions and Well Drinks, $5 Select Red and White Wines; Half-Price Mason Jars; Buck-A-Shuck Oysters, Half-Price Tapas
Vango Lounge and Skybar	39.9512	-75.1707	116 S 18th Street	5:00 pm	7:00 pm	$4 Beer, $5 Mixed Drinks, $5 Wine, 1/2 Priced Appetizers
Varga Bar	39.94629	-75.1577499	941 Spruce St	4:00 pm	6:00 pm	1/2 Off Draft Beers, Cocktails, Chardonnay, & Cabernet
Vedge	39.9479310476302	-75.1614279836694	1221 Locust Street	5:00 pm	7:00 pm	$7 cocktails and wines by the glass, $6 Sangria, $4 Pilsner and Lager pints and $5-7 bar snacks
Vesper	39.9489408	-75.1668194	223 South Sydenham Street	12:00 am	12:00 am	$22 Prime Rib
Vesper	39.9489408	-75.1668194	223 South Sydenham Street	5:00 pm	7:00 pm	$4 Drafts $8 Cocktails $10 Wine Carafe $5 Ketel & Bulleit mixed drinks $6 Appetizers
Victoria Freehouse, The	39.9491057409491	-75.1424021097565	10 S. Front Street	4:00 pm	7:00 pm	$4, $5, $6, $7 specials
Vintage Wine Bar and Bistro	39.94955	-75.16176	129 S 13th Street	4:00 pm	6:00 pm	$3 High Life or lagers, $4 house wines, $5 bubbly or sangria, $3-7 select small plates
Watkin's Drinkery	39.9279404	-75.1620865	1712 S 10th Street	5:00 pm	7:00 pm	1/2 price on all drafts
Westy's	39.9595144642009	-75.1634573936462	1440 Callowhill Street	3:00 pm	7:00 pm	$3 High Life, PBR, and domestic bottles, $4 imported bottles and well drinks, $4 and $5 select craft drafts
Westy's	39.9595144642009	-75.1634573936462	1440 Callowhill Street	9:00 pm	1:00 am	$2 PBR and Miller High Life drafts and Kamikaze shots, $3 Twisted Teas
White Dog Cafe	39.95352	-75.19293	3420 Sansom Street	4:00 pm	7:00 pm	$4 select drafts and $5 select wines and cocktails; Discounted food and snack menu
Winnie's Le Bus	40.02473	-75.22226	4266 Main Street	5:00 pm	7:00 pm	$3 Drafts, $4 Red or White Sangria, $5 House Wine & House Martinis
Woody's Bar	39.9488828660013	-75.1623129075466	202 S 13th Street; 19107	5:00 pm	7:00 pm	$3 select drafts and house wines, $4 well drinks and $6 Absolute drinks
Woolly Mammoth	39.9416	-75.15031	430 South Street	5:00 pm	7:00 pm	$1 off drinks, 1/2 price appetizers
World Cafe Live	39.7411499	-75.5503387	3025 Walnut Street	5:00 pm	6:00 pm	$2 Yuengling bottles, $3 Yuengling drafts, $4 select drafts and house wines, $5 well drinks, $6 Red Bull & Vodka, $8 Yuengling pitchers; $3-5 apps
World Cafe Live	39.7411499	-75.5503387	3025 Walnut Street	10:00 pm	11:00 pm	$2 Yuengling bottles, $3 Yuengling drafts, $4 select drafts and house wines, $5 well drinks, $6 Red Bull & Vodka, $8 Yuengling pitchers; $3-5 apps
Wrap Shack	39.9510999	-75.17072	120 S 18th Street	5:00 pm	7:00 pm	$2 off select drafts, $6 punch and $7 select cocktails; $5 wrap menu
Wrap Shack	39.9510999	-75.17072	120 S 18th Street	7:00 pm	2:00 am	$6 Stoli drinks and $10 for 15 wings (in house only)
Xochitl	39.9428834	-75.1455958	408 South 2nd Street	5:00 pm	7:00 pm	$6 Xochitl Margaritas; $3 Draft Beers; $5 Bar Menu
Yakitori Boy	39.9559497	-75.1571026	211 N. 11th Street	6:00 pm	8:00 pm	$3 Domestic Drafts; $4 Imported Drafts, Wines, Shots, Stoli Cocktails; $6 Signature Cocktails
Zahav	39.9461327	-75.1458893	237 St. James Place	5:00 pm	7:00 pm	$3 Select Beer(s), $4 off Specialty Cocktails, $3 off Select Wines, 1/2 Off Hummus; Bar Only
Zavino	39.9536479550674	-75.1891877264587	112 S 13th Street	4:30 pm	6:30 pm	$3 Draft Beer, $5 featured wine by the glass, $8 Margherita Pizza
Zavino- University City	39.9536479550674	-75.1891877264587	3200 Chestnut Street	4:30 pm	6:30 pm	$2 Narragansett; $3 Bartender's Choice Beers; $4 Wines; $5 Zavino Cocktail; $4-$7 Bar Snacks
