M Restaurant at The Morris House	231 S. 8th Street	215-625-6666	4:00 pm	10:00 pm	3 for $15 Bar Bites at the Bar and Outdoor Cocktail Area
M Restaurant at The Morris House	231 S. 8th Street	215-625-6666	4:00 pm	6:00 pm	$4 Beers; $6 Wines, $6 Cocktails; 3 for $15 Bar Bites
Standard Tap	901 N 2nd Street	215-238-0630	4:00 pm	6:00 pm	1/2 off weekly featured cocktail (rotating), 1/2 off weekly featured brewery beers (rotating), discount happy hour snacks
1 Tippling Place	2006 Chestnut Street	215-665-0456	5:00 pm	7:00 pm	$1-2 off Select Cocktails; $5 Fish House Punch
Bainbridge Street Barrel House	625-27 S. 6th Street	267-324-3553	4:30 pm	6:30 pm	1/2 price drafts; $5 glasses of chardonnay and cabernet
Bainbridge Street Barrel House	625-27 S. 6th Street	267-324-3553	8:00 pm	10:00 pm	$4 Pint Specials
Cavanaugh's Rittenhouse	1823 Sansom Street	215-665-9500	11:30 am	2:00 am	$3.75 Yuengling drafts and half priced burgers
Cavanaugh's Rittenhouse	1823 Sansom Street	215-665-9500	5:00 pm	7:00 pm	$2 off beer, wine and mixed drinks; half priced pub menu
Eulogy Belgian Tavern	136 Chestnut Street	(215) 413-1918	5:00 pm	7:00 pm	$3 Stella, Leffe, & Hoegaarden
1 Tippling Place	2006 Chestnut Street	215-665-0456	5:00 pm	7:00 pm	$1-2 off Select Cocktails; $5 Fish House Punch
12 Steps Down	831 Christian Street	215-238-0379	11:00 am	3:00 pm	$3 Bloody Mary's & Mimosas
12 Steps Down	831 Christian Street	215-238-0379	5:00 pm	7:00 pm	Discounted drinks
12 Steps Down	831 Christian Street	215-238-0379	9:00 pm	2:00 am	
13 Restaurant	1201 Market Street	215-625-6795	5:00 pm	7:00 pm	$3 All Drafts, $5 Cosmos
1518 Bar and Grill	1518 Sansom Street	267-639-6851	5:00 pm	7:00 pm	$1 Off All Beer, $5 Merlot and Chardonnay, $5 Well Drinks
2nd Story Brewing	117 Chestnut Street	267-314-5770	11:30 am	2:00 am	$4 Select Drafts, $7.50 Flights
2nd Street Brew House	1700 S 2nd Street	267-687-7964	4:00 pm	6:00 pm	Half off select drafts & food
700, The	700 N 2nd Street	215-413-3181	5:00 pm	7:00 pm	$1 off everything
a.bar	135 S 18th Street	215-825-7035	4:00 pm	6:00 pm	$4 Rotating Draft Beer; $1.50 Rotating Oyster in the Half Shell; $10 Raw Bar Tasting of 2 Items; $9 Cheese Plate; $8 House-Crafted Punch; $8 Select Red or White Wine
Abbaye	637 N. 3rd Street	215-627-6711	4:00 pm	6:00 pm	$2 Off Drafts; $3 Wells; $5 Wines; Nothing Over $5 Happy Hour Menu
Abe Fisher	1623 Sansom Street	215-867-0088	5:00 pm	7:00 pm	$5 Bites $7 Select Cocktails and Wine
Adobe Cafe - South Philly	1919 E. Passyunk Avenue	215-551-2243	4:30 pm	6:30 pm	$2 off house Margaritas, $1 Off mixed drinks and beers, $0.45 wings, $4-5 food menu
Aki	1210 Walnut Street	215-985-1838	4:30 pm	7:00 pm	$3 beer, $4 wine and $6 specialty cocktails and sake
Alla Spina	1410 Mount Vernon Street	215-600-0017	4:30 pm	6:30 pm	$3 Brooklyn cans and Fernet Branca shots, half off select local drafts, $4 Deschutes Mirror Pond bottles, $6 select wines and $7 Negroni on tap; special snack menu
Alma de Cuba	1623 Walnut Street	215-988-1799	4:00 pm	7:00 pm	$6 Select Cocktails and $6 Select Tapas in Downstairs Lounge and Bar
Amada	217 Chestnut Street	215-625-2450	5:00 pm	7:00 pm	$4 beers, $5 Sangria. $6 wines and $8 cocktails; $5 tapas
American Sardine Bar	1800 Federal Street	215-334-2337	4:00 pm	6:00 pm	Half off select cans, a boilermaker of the week and select food menu
Aqua	705 Chestnut Street	215-928-2838	4:00 pm	7:00 pm	$3 Beer, $4 Wine, $5 Apps, $6 Cocktails
Atlantis	2442 Frankford Avenue	215-739-4929	5:00 pm	7:00 pm	$0.50 Off All Drinks.
B Side Lounge	241 Chestnut Street	484-388-1300	5:00 pm	7:00 pm	$2 Domestic Bottles, $4 Select Wines, $5 Daily Cocktail, $6 Margherita Pizza
B Side Lounge	241 Chestnut Street	484-388-1300	10:00 pm	2:00 am	$4 Coronas, $5 Apple Martinis, $8 Tokyo Teas
Baby Blues BBQ	3402 Sansom Street	215-222-4444	11:30 am	10:00 pm	$4 Sam Adams Drafts
Baby Blues BBQ	3402 Sansom Street	215-222-4444	4:00 pm	6:00 pm	$3 Drafts, $4 Well Drinks, $5 Glasses of House Wine
Baggataway Tavern	31 N. Front Street	610-834-8085	5:00 pm	7:00 pm	$3 select craft drafts and free wings
Baggataway Tavern	31 N. Front Street	610-834-8085	7:00 pm	12:00 am	$3 select craft beer and 2-for-1 burgers
Bainbridge Street Barrel House	625-27 S. 6th Street	267-324-3553	4:30 pm	6:30 pm	1/2 price drafts; $5 glasses of chardonnay and cabernet
Bainbridge Street Barrel House	625-27 S. 6th Street	267-324-3553	8:00 pm	10:00 pm	$4 Pint Specials
Balcony at the Doubletree	237 S. Broad Street	215-893-1600	4:00 pm	6:00 pm	$4 Wines & Cocktails
Bank & Bourbon	1200 Market Street	215-231-7300	5:00 pm	6:00 pm	Choose from 2 Tapas-Style Appetizers and 3 Cocktails for $5.50 Each; $5 Local Drafts
Bar Hygge	1720 Spring Garden Avenue	215 765-2274	4:00 pm	6:00 pm	Discounted House Made Beer $5 Specialty Snacks
Bar Philadelphia	1309 Sansom Street		5:00 pm	7:00 pm	$1 Off All Drafts, $2 PBRs & Narragansetts, $4 Picklebacks & Fireballs
Bar-Ly	101 N. 11th Street	215-922-2688	3:30 pm	6:30 pm	$3.25 domestic bottles; $3.50 import bottles; $3 draft beer; $4.25 cocktails; $4 martinis; $3.50 house red and white wines; $3.50 small carafe sake; $6.25 large carafe sake; $5 wine flights; $1.25 skewers, steamers, Raw Bar; $3/$3.50 snacks
Bar-Ly	101 N. 11th Street	215-922-2688	10:00 pm	12:00 am	$3.25 domestic bottles; $3.50 import bottles; $3 draft beer; $4.25 cocktails; $4 martinis; $3.50 house red and white wines; $3.50 small carafe sake; $6.25 large carafe sake; $5 wine flights; $1.25 skewers, steamers, Raw Bar; $3/$3.50 snacks
Barbuzzo	110 S. 13th Street	215-546-9300	10:30 pm	12:00 am	$4 draft beer, $5 glasses of Sangria, $6 glasses of wine, $10 dishes
Barcade	1114 Frankford Avenue	215-634-4400	4:00 pm	7:00 pm	$7 Fishermanâ€™s brew and Jim Beam shots, $1 off beer and well drinks
Barclay Prime	237 S. 18th Street	215-732-7560	5:00 pm	6:30 pm	Lounge Only: $6 Select Cocktails
Bards, The	2013 Walnut Street	215-569-9585	12:00 pm	2:00 am	$3 Miller Lite & Yuengling
Bards, The	2013 Walnut Street	215-569-9585	5:00 pm	8:00 pm	$3 Miller Lite & Yuengling drafts, $4 select craft beers, $5 house wines and well drinks; $4, $5 and $6 food menu
Barra	239 Chestnut Street	215-238-6900	11:00 am	4:00 pm	$10 Brick Oven Burger & Beer Special (or soda)
Barra	239 Chestnut Street	215-238-6900	5:00 pm	7:00 pm	$2 Domestic Bottles, $4 Select Wines, $5 Daily Cocktail, $6 Margherita Pizza
Barra	239 Chestnut Street	215-238-6900	10:00 pm	2:00 am	$4 Coronas, $5 Apple Martinis, $8 Tokyo Teas
Barra Rossa	929 Walnut Street	215-644-9074	5:00 pm	7:00 pm	$3 Select Craft & Domestic Beers; $4 Select House Wines; $5 Select Cocktails; $5 Select Apps
Bayou Bar and Grill	4245 Main Street	215-482-2560	11:00 am	2:00 am	$1.75 Miller Lite bottles, 25-cent Wings, 50-cent Boneless Wings and $1.75 Hardshell Crabs
Bierstube	206 Market Street	215-922-2958	5:00 pm	2:00 am	Citywide Canada $5.99 - Shot of Fireball + Can of Moosehead; Citywide Germany $5.99 - Shot of Jagermeister + DAB Pounder; Citywide Philly $5.99 Shot of Jimmy Beam + PBR Pounder. Industry discount: Show you work in hospitality industry and special price is only $5
Bierstube	206 Market Street	215-922-2958	5:00 pm	7:00 pm	Select craft and German draft beers: $3.99 for 14oz, $7.99 for liter
Birra	1700 E. Passyunk Avenue	267-324-3127	4:00 pm	6:00 pm	$3 Red or White 12" Cheese Pizzas; 1/2 Price Pints; $5 Birra Margaritas
Bishop's Collar	2349 Fairmount Avenue	215-765-1616	5:00 pm	7:00 pm	$1 off everything; daily food specials
Black Sheep	247 S. 17th Street	(215) 545-9473	4:00 pm	7:00 pm	$5 Apps, Discounted Drinks
Blind Pig, The	702 N. 2nd Street	267-639-4565	4:30 pm	6:30 pm	$1 off drafts; $4 mixed well drinks; $5 house wine; $5 nachos, wings, chicken or veggie quesadillas; $3 corn dogs; $2 tacos and Tecate
Bonners Irish Public	120 S 23rd Street	(215) 567-5748	5:00 pm	7:00 pm	$2.25 draft pints, $4 wells and $6 PBR pitchers
Boot & Saddle	1131 S. Broad Street		6:00 pm	8:00 pm	Half-Price Specialty Cocktails and Select Drafts
Bottle Bar East	1308 Frankford Avenue	267-909-8867	5:00 pm	7:00 pm	Half-Off Drafts and Wine, $3 Well Drinks, Half-Off Apps, $2 Off Sandwiches
Bourbon Blue	Number 2 Rector Street	(215) 508-3360	5:30 pm	7:30 pm	$4 drafts, $5 house wines, $6 specialty cocktails
Brauhaus Schmitz	718 South Street	267-909-8814	5:00 pm	7:00 pm	$4 drafts; $4 house-made sausage sandwiches
Bridget Foy's	200 South Street	215-922-1813	5:00 pm	7:00 pm	$3 Yeungling & PBC Kenzinger Drafts, Fried Pickles, & Deviled Eggs; $5 Blood Orange Bellini's, Sangrias, House Wines, Risotto Cakes, & Artichoke Hummus; $5 Well Drinks, Cheesesteak Croquettes, Chipotle Chicken Wings, & Lamb Meatballs; $15 Sangria Pitchers
Bridget Foy's	200 South Street	215-922-1813	8:00 pm	9:00 pm	$3 Yeungling & PBC Kenzinger Drafts, Fried Pickles, & Deviled Eggs; $5 Blood Orange Bellini's, Sangrias, House Wines, Risotto Cakes, & Artichoke Hummus; $5 Well Drinks, Cheesesteak Croquettes, Chipotle Chicken Wings, & Lamb Meatballs; $15 Sangria Pitchers
Bridgid's	726 N 24th St	(215) 232-3232	4:00 pm	7:00 pm	$4 select drafts, well drinks and house wines; $5 plates and $12 fresh pastas
Brittingham's	640 E. Germantown Pike	610-828-7351	4:00 pm	6:30 pm	$2 off all well drinks and $3 rotating drafts
Brownies Irish Pub	46 S 2nd Street	(215) 238-1222	4:00 pm	6:00 pm	Half off select drafts and $1 off bottle beers and mixed drinks
BRU Craft & Wurst	1318 Chestnut Street	215-800-1079	4:00 pm	7:00 pm	$4 drafts and craft cans, $5 house wines and house liquor; $5 starters and wurst sandwiches; Early Bird Special: from 4-5 PM all regular specials apply, plus 20% off all big bottles (500mL) and single malt Scotch
Buffalo Billiards	118 Chestnut St	(215) 574-7665	6:00 pm	8:00 pm	$3 All Drafts; $4 Well Drinks; Half-Price Apps
Buffalo Billiards	118 Chestnut St	(215) 574-7665	9:00 pm	11:00 pm	$3.50 Domestic Bottles, $4 Tullamore Dew
Byrnes Tavern	3301 Richmond St	(215) 423-3444	4:00 pm	6:00 pm	1/2 price select nibblers
Cactus	4243 Main Street		11:00 am	12:00 am	$2 Tacos and $5 Margaritas
Cafe at 2011	2011 Walnut St	(215) 568-5603	5:00 pm	7:00 pm	$4 Yards, $5 House Wines, $6 Seasonal Cocktails
Cambridge, The	1508 South Street	267-455-0647	4:00 pm	6:00 pm	1/2 Price 16-oz. Pints
Campbell's Place	8337 Germantown Avenue	215-242-1818	5:00 pm	7:00 pm	$3 domestic can/bottle beer; $4 mixed well drinks; $5 house wines; $8 Lukasowa martini/cosmos; $1 off drafts; $5 bar menu
Cantina Dos Segundos	931 N. 2nd Street	215-629-0500	4:00 pm	6:00 pm	$2 Off Drafts, $2 Mexican Beers, $20 Pitchers, $5.50 Margaritas or Sangrias
Cantina Feliz	424 S. Bethleham Pike	215-646-1320	5:00 pm	7:00 pm	$2 Dos Equis, $3 Craft Beer, $4 House Wine, Red/White Sangria, $5 Feliz Margaritas, $2 Off Specialty Cocktails, $5 Food Menu
Cantina Los Caballitos	1651 East Passyunk Avenue		4:00 pm	6:00 pm	1/2 Off Classic Margaritas and Pitchers; 1/2 Off Sangria; $2 Off Draft Beers; $2.50 Tecates
Caribou Cafe	1126 Walnut St	215-625-9535	4:00 pm	6:00 pm	$3 select beers, $4 house wines, $5 well drinks
Carol's Place	201 West 6th Avenue	610-834-9384	5:00 pm	7:00 pm	$3 domestic bottles; $4 import bottles; $2.75 mixed drinks (singles); $5.50 mixed drinks (doubles); $2 pints; free pool
Cavanaugh's Headhouse Square	421 S 2nd Street	(215) 928-9307	2:30 pm	12:00 am	$4 Corona Bottles; $5 Cheesesteaks
Cavanaugh's Headhouse Square	421 S 2nd Street	(215) 928-9307	7:00 pm	9:00 pm	$2 Off Everything
Cavanaugh's Rittenhouse	1823 Sansom Street	215-665-9500	11:30 am	2:00 am	$3.75 Yuengling drafts and half priced burgers
Cavanaugh's Rittenhouse	1823 Sansom Street	215-665-9500	5:00 pm	7:00 pm	$2 off beer, wine and mixed drinks; half priced pub menu
Cavanaugh's University City	119 S. 39th Street	215-386-4889	11:00 am	12:00 am	$3.95 rotating pints and $6 select mixed drinks
Cavanaugh's University City	119 S. 39th Street	215-386-4889	5:00 pm	7:00 pm	$2.75 domestic drafts, $3.95 craft and import pints, $2 off other drinks and bottles; 25% all appetizers
Cavanaugh's University City	119 S. 39th Street	215-386-4889	9:00 pm	12:00 am	Half priced nachos and $0.60 wings; $2 off all drafts
Cedar Point Bar & Kitchen	2370 E. Norris Street	215-423-5400	6:00 pm	7:00 pm	$1 off Old Standbys and house wines, $2 off Moscow Mule and Dark and Stormy cocktails, $8 oak-aged Negronis, $9 Old Fashioneds; $2 off Fried Pickles and Piggies and Pretzels, $4 off Wings and Veggie Wings, and $3.50 lamb sliders
Cedar Point Bar & Kitchen	2370 E. Norris Street	215-423-5400	10:00 pm	12:00 am	$1 off Old Standbys and house wines, $2 off Moscow Mule and Dark and Stormy cocktails, $8 oak-aged Negronis, $9 Old Fashioneds; $2 off Fried Pickles and Piggies and Pretzels, $4 off Wings and Veggie Wings, and $3.50 lamb sliders
Chap's Taproom & Sports Grill	2509 West Main Street	610-539-8722	4:00 pm	6:00 pm	Half price select drafts, $7 select pitchers, $1 off premium drafts, $3 well drinks, $3.50 Long Island Teas, $2 off all wines, and half price appetizers
Charlie was a sinner.	131 South 13th Street	267-758-5372	4:00 pm	7:00 pm	
Chart House	555 S. Columbus Boulevard	215-625-8383	4:30 pm	7:00 pm	$2.50 domestic bottles, $3.50 import and specialty bottles, $4 well drinks, $6 select wines and cocktails, $7 Martinis; $4-7 food menu
Cheu Noodle Bar	255 S 10th Street	267-639-4136	5:00 am	6:30 am	$5 Food: Al Pastor Dumplings, Rangoon Dumplings, Wings, Tomato Salad, Chef Special  $6 Bartenders Cocktail $2 High Life's $1 Off Drafts $2 Off Wines
Chickie's and Pete's Crab House and Sports Bar	1526 Packer Avenue	215-218-0500	10:00 pm	12:00 am	$7 specialty drinks, $5 personal pitchers, $3 domestic bottles and house mixed drinks, $2 off premium wines and liquors, $1 off all craft drafts
Chima Brazilian Steakhouse	1901 JFK Blvd	(215) 541-5820	5:00 pm	7:00 pm	$5 craft beers, wines, Caipirinhas and appetizers
Chris' Jazz Cafe	1421 Sansom Street	215-568-3131	5:00 pm	7:00 pm	$5 Select Bourbon $4 Select House Mixers
City Tap House	3925 Walnut Street	(215) 662-0105	5:00 pm	7:00 pm	$2 Off All Drafts and House Wine
City Tap House	3925 Walnut Street	(215) 662-0105	10:00 pm	12:00 am	Beer and Pizza Specials
CJ & Ecks	384 Shurs Lane	(215) 487-9601	4:00 pm	6:00 pm	$2 Domestics & $3 Micro/Imports
CJ & Ecks	384 Shurs Lane	(215) 487-9601	8:00 pm	11:00 pm	$3 Michelob Ultra, Shock Top, and Landshark Pounders
Coeur	824 South 8th Street	215-922-6387	11:30 am	5:00 pm	Come in for day drinking and get 20% off your total bill
Coeur	824 South 8th Street	215-922-6387	5:00 pm	7:00 pm	$5 All Draft Wine $4 All Draft Beer $5 Happy Hour Food Menu $5 Kids Meals
Con Murphy's	1700 Benjamin Franklin Parkway	(267) 687-1128	4:00 pm	6:00 pm	$3 house pints, $4 select pints and well drinks, and $2 off all wines; $5 apps
Continental Midtown	1801 Chestnut Street	215-567-1800	5:00 pm	7:00 pm	$5 select wines, $3 Miller Lite, 1/2 price regular cocktails, discounted specialty cocktails, 1/2 select plates
Continental Old City	138 Market Street	(215) 923-6069	5:00 pm	7:00 pm	$3 Drafts, $4 Wines, $5 Specialty Cocktails, $1-$2 Tapas Bites
Cook and Shaker	2301 E. Albert Street	215-426-2665	5:00 pm	7:00 pm	Draft specials and half off appetizers
Cooperage Wine & Whiskey Bar	601 Walnut Street	(215) 226-2667	4:00 pm	7:00 pm	$4 Draft Beers; $5 Glasses of Wine; $6 Mixed Drinks
Copabanana South Street	344 South Street	215-923-6180	4:00 pm	7:00 pm	$5 appetizers, Mojitos and Margaritas,$4 call drinks and $3 well drinks
Copabanana University City	4000 Spruce Street	215-382-1330	4:00 pm	10:00 pm	1/2 Price Mojitos
Copabanana University City	4000 Spruce Street	215-382-1330	5:00 pm	7:00 pm	$3 and $4 draft beers, $3 well cocktails and $6 nachos and chicken and veggie quesadillas
Copabanana University City	4000 Spruce Street	215-382-1330	5:00 pm	12:00 am	20% Off Food & Drinks for Hospitality Workers
Couch Tomato, The	102 Rector Street	215-483-2233	4:30 pm	6:30 pm	Ask about the daily craft beer special
Couch Tomato, The	102 Rector Street	215-483-2233	6:30 pm	10:00 pm	Wine Night: 1/2 Off bottles and glasses of wine
Cuba Libre	10 S 2nd Street	(215) 627-0666	5:00 pm	7:00 pm	$5 cocktails, $4 Sangria, $4 select wines and beers; $4, $5 and $6 small bites
Curran's Irish Inn	6900 State Road	215-331-8628	4:00 pm	6:00 pm	$2.25 domestic drafts and $2.75 domestic bottles
Dandelion	124 18th St	(215) 558-2500	5:00 pm	7:00 pm	$2 Snacks, $3 Select Drafts, $4 House Wines, All at Downstairs Bar Only
Dave & Buster's	325 N Columbus Blvd	215-413-1951	11:30 am	12:00 am	2-for-Tuesdays: $2 tacos, $2 Dos Equis bottles and 2 free games with $10 power card purchase
Dave & Buster's	325 N Columbus Blvd	215-413-1951	8:00 pm	10:00 pm	Half-priced cocktails, $1 off 22oz drafts and glasses of wine, and $3 off bottles of wine
Davio's Northern Italian Steakhouse	111 S 17th Street	215-563-4810	5:00 pm	7:00 pm	$5 Martinis, discounted draft beer and wines by the glass, complimentary hor'dourves
Dawson Street Pub	100 Dawson Street	215-482-5677	5:00 pm	7:00 pm	Half price draft beers and special Happy Hour food menu
Devil's Alley	1907 Chestnut Street	215-751-0707	5:00 pm	7:00 pm	$3 featured drafts, $3 wine, $4 well drinks, $5 and under appetizers, $2 Yuenglings, $5 Sangrias
Devil's Den	1148-1150 S. 11th Street	(215) 339-0855	5:00 pm	7:00 pm	1/2 Price Drafts & Tapas Menu
Devon Seafood Grill	225 S. 18th Street	215-546-5940	5:00 pm	7:00 pm	$1 Off Draft & Bottled Beer; $6.50 Martinis & Cocktails; $6.50 House Wine; $1 Off Well Drinks; $3.50 Oyster Shooters; $1 Oysters; $3 Lobster Claws; $7 Apps
Dirty Frank's	347 South 13th Street	215-732-5010	5:00 pm	7:00 pm	Food and drink specials
Dive	947 E. Passyunk Avenue	215-465-5505	5:00 pm	7:00 pm	Free Pizza, $2 Beer of the Week & Well Drinks
Dock Street Brewing Company	701 South 50th Street	(215) 726-2337	4:00 pm	6:00 pm	$1 off House Brews, 10% off Small Pizzas
Doobies	2201 Lombard Street	(215) 546-0316	3:00 pm	2:00 am	$5 Sly Fox can and shot of bourbon
Doobies	2201 Lombard Street	(215) 546-0316	5:00 pm	7:00 pm	$0.50 off all drinks; $13 Flying Fish pitchers; $3 off pitchers
Draught Horse	1431 Cecil B Moore Ave	(215) 235-1010	11:00 am	11:00 pm	$1 off Corona, $3 Sauza shots, $5 Margarita on the rocks; $6.99 nachos and quesadillas and $9.99 fajitas
Draught Horse	1431 Cecil B Moore Ave	(215) 235-1010	3:00 pm	7:00 pm	$1 off all premium and craft beers, $2 off wine by the glass, $3 domestic drafts and bottles, $4 well drinks, and $5 Margs and Long Islands
Drinker's Pub	1903 Chestnut Street	(215) 564-0914	5:30 pm	7:30 pm	All drinks half price
Drinker's Tavern	124 Market Street	(215) 351-0141	5:00 pm	11:00 pm	$1 Tacos
Drinker's Tavern	124 Market Street	(215) 351-0141	5:30 pm	7:30 pm	Half-Price All Drafts
Druid's Keep	149 Brown Street	215-413-0455	5:00 pm	7:00 pm	Food and drink specials
Earth - Bread + Brewery	7136 Germantown Avenue	215-242-6666	4:30 pm	5:30 pm	$2 off all house drafts
El Bar	1356 N. Front Street	215-634-6430	5:00 pm	7:00 pm	$2.50 Kenzinger drafts, $2.50 domestic bottles, $4 16 oz. well drinks
El Camino Real	1040 N 2nd St	(215) 925-1110	5:00 pm	7:00 pm	1/2 Price margaritas (Glass and Pitchers)
El Camino Real	1040 N 2nd St	(215) 925-1110	8:00 pm	12:00 am	
El Rey	2013 Chestnut St	(215) 563-3330	5:00 pm	6:30 pm	$1 Tacos, $2 Tecate Cans, $3 Modelos, $4 House Margaritas
Era	2743 Poplar Street	215-769-7008	4:00 pm	2:00 am	$3 drafts
Eulogy Belgian Tavern	136 Chestnut Street	(215) 413-1918	5:00 pm	7:00 pm	$3 Stella, Leffe, & Hoegaarden
Fado Irish Pub	1500 Locust Street	215-893-9700	4:00 pm	7:00 pm	$4 monthly rotating beer & $4 small plates
Fare	2028 Fairmount Avenue	267-639-3063	5:00 pm	7:00 pm	$6 select cocktails, $4 house wines by the glass, $3 bottled beers and $1.50 off all draft beers, bar bites $3-8 and $1.50 oysters
FARMiCiA	15 South 3rd Street	(215) 627-6274	5:00 pm	7:00 pm	Half-priced tonics, wine, beer and cocktails; special food menu
Fergie's Pub	1214 Sansom Street	(215) 928-8118	9:00 pm	10:00 pm	
Fette Sau	1208 Frankford Avenue	215-391-4888	5:00 pm	7:00 pm	1/2 price beer; $5 Manhattans and Old Fashioneds; $4 smoked chicken legs; $4 burnt end sandwich
Field House	1150 Filbert Street	215-629-1520	5:00 pm	7:00 pm	$4 select drafts, $5 select craft cocktails and $6 house wines
Fingers Wings and Other Things	107 W Ridge Pike	610-828-6191	4:00 pm	6:00 pm	$1.50 off craft drafts, call drinks and wines, $1 off macro drafts and 1/2 price appetizers (excluding seafood)
Finn McCool's Ale House	118 S 12th Street	(215) 923-3090	5:00 pm	7:00 pm	$4 all drafts, $4 wines, $4 well drinks; $6 select apps
Flanigan's Boathouse Conshohocken	113 Fayette Street	610-828-2628	11:00 am	12:00 am	$3.25 Lager drafts, $3.50 Sam Adams drafts, and $4 Sierra Nevada drafts
Flanigan's Boathouse Conshohocken	113 Fayette Street	610-828-2628	9:00 pm	11:00 pm	
Fluke's Irish Pub	7401 State Road	215-338-4800	4:00 pm	7:00 pm	$1.50 Domestic Pints, $2.75 Domestic Bottles, $3 Well Drinks, 1/2 Price Appetizers, $5 You Call It Burgers
For Pete's Sake Pub	900 South Front Street	(215) 462-2230	5:00 pm	7:00 pm	Drink specials; half off nachos and quesadillas, $6 Pierogies and chicken tenders
For Pete's Sake Pub	900 South Front Street	(215) 462-2230	9:00 pm	12:00 am	
Fountain Porter	1601 S. 10th Street		5:00 pm	7:00 pm	$1.50 off drafts
Fox & Hound Tavern	1501 Spruce Street	215-732-8610	11:00 am	2:00 am	$2 Drafts; $5 Monster Bombs
Frankford Hall	1210 Frankford Avenue	215-634-3338	4:00 pm	7:00 pm	1/2 liter drafts $5, $10 liter drafts, $6 warm bavarian pretzel w/ 1/2 liter of Victory Prima Pils, $8 choice of one sausage w/ 1/2 liter of any draft beer, $3 french fries
Garage	1231-1233 E Passyunk Ave	215-278-2429	1:00 pm	3:00 pm	$2 PBR and Narragansett Lager $4 Pickle Back $4 Fireball Shot $1 off all draft beers
Garces Trading Company	1111 Locust Street	215-574-1099	4:00 pm	6:00 pm	$5 and $6 food and drink specials
Goat's Beard, The	4201 Main Street	267-323-2495	5:30 pm	7:00 pm	$3.50 drafts; $3.50 premium well cocktails; $5 select red & white wines
Good Dog Bar	224 S 15th Street	(215) 985-9600	11:30 am	2:00 am	20% Off
Good Dog Bar	224 S 15th Street	(215) 985-9600	5:00 pm	7:00 pm	$1 Off All Drinks
Grape Room	105 Grape Street	215-930-0321	8:00 pm	10:00 pm	$3 PBR Pounders
Green Rock Tavern	2546 E. Lehigh Avenue	215-203-0840	4:00 pm	2:00 am	$2 Taco and Tecate Tuesday
Harvest Seasonal Grill	200 S 40th Street	215-662-1100	5:00 pm	7:00 pm	$2 Select Craft Drafts, $3 Skyy 'You-Call-Its'; $4 House Wine, $4 Seasonal Cocktail, $5 Apps; 1/2 Price Tacos
Hawthorne's Biercafe	738 S. 11th Street	215-627-3012	4:00 pm	6:00 pm	1/2 Off All Drafts
ICandy	254 12th Street	267-324-3500	4:00 pm	7:00 pm	$3 off Signature Drinks; $2 off All Other Booze
IndeBlue	205 13th Street	215-545-4633	5:00 pm	7:00 pm	$4 and $5 drink and food specials
IndeBlue	205 13th Street	215-545-4633	8:30 pm	10:00 pm	$4 and $5 drink and food specials
Industry, The	1401 East Moyamensing Avenue	215-271-9500	4:00 pm	7:00 pm	Buck-a-shuck oysters and $1 mac and cheese croquettes, $3 local draughts, $4 house red or whites wines and $5 select cocktails
Institute, The	549 N. 12th St	(267) 318-7772	4:00 pm	6:00 pm	$2 Off Draft Beers, Well Drinks, and Apps
Institute, The	549 N. 12th St	(267) 318-7772	10:00 pm	12:00 am	$2 Off Draft Beers, Well Drinks, and Apps
Interstate Drafthouse	1235 E. Palmer St		4:00 pm	11:00 pm	Taco Tuesday: $1 Tacos; $4 Select Drafts
Interstate Drafthouse	1235 E. Palmer St		4:30 pm	6:30 pm	$2 PBR cans and $4 drafts
Irish Pol	114 Market Street	(267) 761-9532	5:00 pm	7:00 pm	Shots & Most of the 40 Draft Beers are $3.
Irish Pub 12th St	1123 Walnut Street	(215) 925-3311	11:00 am	2:00 am	$3.50 Bud Light pints, $5 Hoegaarden pints, $5 Margaritas
Irish Pub 20th St	2007 Walnut Street	(215) 568-5603	11:00 am	2:00 am	$3.50 Coors Light pints, $5 Sam seasonal and $6 Margaritas; Kick the Can Night:  $5 select craft cans from 5-7 PM
Irish Times	629 S. 2nd St	(215) 923-1103	4:00 pm	12:00 am	$.25 wings w/purchase of any beverage; $2.50 Bud Lights and $4 Pinnacle drinks
Irish Times	629 S. 2nd St	(215) 923-1103	4:00 pm	7:00 pm	Half off drinks, beers and apps
Iron Abbey Gastropub	680 N. Easton Road	215-956-9600	4:00 pm	7:00 pm	$3.50 drafts, $4 cocktails,sangria and house wines, and $5 food
Iron Abbey Gastropub	680 N. Easton Road	215-956-9600	9:00 pm	11:00 pm	Special BBQ menu
Iron Hill	8400 Germantown Avenue	215-948-5600	5:00 pm	7:00 pm	$2 off house and seasonal beers, $5 and $7 select wines and spirits; $5 and $7 apps
J.D. McGillicuddy's Manayunk	111 Cotton Street	215-930-0209	12:00 am	12:00 am	$3 Fireballs, $4 Soco, $5 bombs
J.D. McGillicuddy's Manayunk	111 Cotton Street	215-930-0209	6:00 pm	9:00 pm	Half-off all drinks, buy-one-get-one-free appetizers.
Jake's & Cooper's Wine Bar	4367 Main Street	215-483-0444	5:00 pm	7:00 pm	$4 "Cheap" Red and White Wine, $3 Local Beer, $5 Specialty Cocktails, all at the bar only
Jamonera	105 South 13th Street	215-922-6061	10:00 pm	11:00 pm	$3 beer, $4 sangria, $5 wine, $15 sherry tasting, $2 tapas, kitchen staff snacks.
Jerry's Bar	129 Laurel Street	267-273-1632	5:00 pm	11:00 pm	Half-Price Burgers
Jerry's Bar	129 Laurel Street	267-273-1632	5:00 pm	7:30 pm	$2 Off Drafts; $5 Select Cocktails; $5 House Wines; Half-Price Select Apps; $2 Jerry's Burger Sliders
Jet Wine Bar	1525 South Street	(215) 735-1116	11:00 am	12:00 am	Build-your-own flights (pick 3 wines, 2.5 oz of each) for $10, and half-glasses for half-price
Jet Wine Bar	1525 South Street	(215) 735-1116	4:00 pm	7:00 pm	$5 House Wines, $5 Cocktail du jour, $3 Kenzinger, $5 Nachos
JG Domestic	2929 Arch Street	(215) 222-2363	3:00 pm	7:00 pm	$3-$4 Beers, $6 Wines, $7 Cocktails
JJ Bootleggers	35 S. 2nd Street	215-923-3300	5:00 pm	7:00 pm	$4 Drafts; Half-Price Moonshine Specialty Drinks
John Henry's Pub	98 Cricket Avenue	(610) 726-9193	4:00 pm	7:00 pm	$2.50 Miller Lite and Yuengling, $4.50 Guinness, Carlsberg, and Lagunitas IPA, $2 off all wines and $4 Fireball; $5 Apps
Johnny Brendas	1201 N. Frankford Avenue	215-739-9684	4:00 pm	6:00 pm	$1 off all drinks, half-off oysters.
Johnny Mananas	4201 Ridge Avenue	(215) 843-0499	4:30 pm	6:30 pm	$2 Domestic Drafts, $3 Import Drafts, $4 Well Drinks, $5 Nachos, Jalapeno poppers, Chicken fingers, $8 Fish Tacos
Jon's Bar and Grille	606 S 3rd Street	(215) 592-1390	5:00 pm	7:00 pm	$2 off all drafts, Jon's martinis, Jon's favorites, bottled beers and frozen drinks, plus $5 wings and nachos, and $8 mussels
Jose Pistolas	263 S 15th St	215-545-4101	4:00 pm	6:00 pm	$3 PBR, Miller Lite, & Yuengling; $5 Craft Beer Cans; $15 Margarita Pitchers; $20 Flavored Margarita Pitchers
Kelliann's Bar and Grill	1549 Spring Garden	215-563-6990	3:00 pm	5:00 pm	50 cent wings
Kelliann's Bar and Grill	1549 Spring Garden	215-563-6990	5:00 pm	7:00 pm	$1 off all drafts and wine
Kelly's Taproom	1107 W. Lancaster Avenue	610-520-9344	4:00 pm	6:00 pm	$2 domestic drafts and well drinks and $3 imports and wines
Kelly's Taproom	1107 W. Lancaster Avenue	610-520-9344	10:00 pm	12:00 am	$2 well drinks
Kensington Quarters	1310 Frankford Avenue	267-314-5086	12:00 am	12:00 am	1/2 Fried Chicken with heaps of sides for $20 Sparkling Wine for $10-$11 to pair
Kensington Quarters	1310 Frankford Avenue	267-314-5086	5:00 pm	7:00 pm	$5 Small plates and drink specials
Khyber Pass Pub	56 S. Second Street	(215) 238-5888	4:00 pm	6:00 pm	$10 select pitchers; $1.50 domestic bottles; $2 off drafts; $1 off everything else
Kildare's Irish Pub	4417 Main Street	(215) 482-7242	11:00 am	12:00 am	$3 Coors Lite, Yuengling, & Miller Lite drafts and $4 Blue Moon drafts
Kildare's Irish Pub	4417 Main Street	(215) 482-7242	9:00 pm	11:00 pm	$3 drafts,  $4 Red Bull Vodkas and 1/2 Price Liquor
Kildare's Irish Pub	4417 Main Street	(215) 482-7242	9:30 pm	1:00 am	Kildare's self-proclaimed Best Pub Quiz in Manayunk
Kite & Key	1836 Callowhill Street	215-568-1818	5:00 pm	7:00 pm	$1 Off All Drafts
Kraftwork	541 E. Girard Avenue	215-739-1700	4:00 pm	6:00 pm	$7 select food menu
Kraftwork	541 E. Girard Avenue	215-739-1700	10:00 pm	11:00 pm	Twelve select drafts are half price
La Calaca Feliz	2321 Fairmount Avenue	215-787-9930	4:00 pm	7:00 pm	$2.50 Dos Equis and Corona Light, $3 Pacifico, $4 house wines, $5 Sangria, $5.50 Feliz Margaritas and $2 off specialty cocktails; special food menu 4-6 PM
La Fourno	636 South Street	215-627-9000	4:00 pm	7:00 pm	$6 wine by the glass, $7 signature cocktails, 10% off wine by the bottle
Ladder Fifteen	1528 Sansom Street	(215) 964-9755	5:00 pm	7:00 pm	$4 bottled beer, $5 drafts, call drinks and house wine, and $6 specialty cocktails
Landmark Americana	3333 Market Street	215-222-4500	11:00 am	12:00 am	$3 Blue Moons
Landmark Americana	3333 Market Street	215-222-4500	4:00 pm	7:00 pm	$5 wines by the glass, $3.50 Sangria, $3 SoCo Lime Shots and Oak & Cokes, $2.50 Narragansett; discounted food menu
Landmark Americana	3333 Market Street	215-222-4500	9:00 pm	12:00 am	$2.50 well drinks
Las Bugambilias	148 South Street	215-922-3190	5:00 pm	7:00 pm	$6 house Margaritas and house wines, $5 Mexican beers and special happy hour food menu
LaScala's	615 Chestnut St	(215) 928-0900	5:00 pm	7:00 pm	$2.50 Sierra Nevada, Coors Light, & Yuengling drafts, $5 vodka cocktails, $7 vodka martinis, $4 house wine
Liberty Bar	2204 Market Street	267-519-3665	5:00 pm	7:00 pm	$3 Domestics, $4 Crafts & Imports, $4 Well Drinks, $5 Wines; $.50 Wings
Liquid Room	1361 N. 2nd Street	215-279-7979	4:30 pm	7:30 pm	Select 12 oz. beer bottles $1-3, select 16 oz. drafts $1-4, select cocktails $4-8 and $2 Fireballs; food menu $2.50-6
Little Lion	243 Chestnut Street	267-273-0688	5:00 pm	7:00 pm	Food Specials: $5 Poutine (pork belly, housemade cheese, fried egg) $6 Smoked Chicken Wings Buck-A-Shuck Oysters  Drink Specials: $3 Beers (Lager and one rotating featured beer) $5 Wines and Sangria $6 Specialty Cocktail
Local 44	4333 Spruce Street	(215) 222-BEER	5:00 pm	7:00 pm	$3 Local Drafts, $4 Snack Menu
Locust Rendezvous	1415 Locust Street	215-985-1163	11:00 am	2:00 am	$2.25 draft beers, $3.25 select craft beers and $3 Shot of the Week
London Grill	2301 Fairmount Avenue	215-978-4545	5:00 pm	7:00 pm	$3 Usual Suspects and well drinks, $4 select draught beers, $5 house wines and select cocktails, inside bar food specials from 4-7 PM
London Grill	2301 Fairmount Avenue	215-978-4545	7:00 pm	12:00 am	$4 Willie Sutton Pints
Lucha Cartel	207 Chestnut Street	215-625-8605	5:00 pm	7:00 pm	$5 house margarita, sangria, mojitos, can of Tecate and shot of Sauza Silver; $5 happy hour food menu
Lucky 13 Pub	1820 S. 13th Street	215-336-8467	5:00 pm	7:00 pm	$1 Off All Drinks
Lucky Strike Lanes	1336 Chestnut Street	215-545-2471	4:00 pm	7:00 pm	$3 drafts and Citywides, $4 house wines by the glass, and $5 select cocktails
M Restaurant at The Morris House	231 S. 8th Street	215-625-6666	4:00 pm	10:00 pm	3 for $15 Bar Bites at the Bar and Outdoor Cocktail Area
M Restaurant at The Morris House	231 S. 8th Street	215-625-6666	4:00 pm	6:00 pm	$4 Beers; $6 Wines, $6 Cocktails; 3 for $15 Bar Bites
Mac's Tavern	226 Market Street	267-324-5507	11:30 am	12:00 am	$4 bartender's choice drafts
Mac's Tavern	226 Market Street	267-324-5507	4:30 pm	6:30 pm	$4 drafts and $5 select wines and cocktails; $2 off appetizers
Mad Mex	3401 Walnut Street	215-382-2221	4:30 pm	6:30 pm	$7 Big Azz (22oz), $5 16oz, & $3 12oz House Margaritas. Half off all Drafts & Wings
Mad Mex	3401 Walnut Street	215-382-2221	10:00 pm	12:00 am	$7 Big Azz Margaritas
Mad River Manayunk	4100 Main Street	215-482-2666	5:00 pm	12:00 am	$2 well drinks, Blue Moons, Coors Lights and Redd's Apple Ale Pounders
Maggie's Waterfront Cafe	9242 N. Delaware Avenue	215-637-6716	11:00 am	2:00 am	$12 Bud Light buckets, $15 domestic buckets and $20 import buckets
Maggie's Waterfront Cafe	9242 N. Delaware Avenue	215-637-6716	4:30 pm	6:30 pm	$2 domestic drafts, $2.50 domestic bottles, $3.50 well drinks, half off select appetizers
Manayunk Brewery	4120 Main Street	215-482-8220	5:00 pm	7:00 pm	$1 off all drinks, $5 wings and California rolls and $6 quesadillas and salmon avocado rolls, and 48 chef's choice pizza (bar/cocktail areas only)
Manayunk Tavern	4247 Main Street	267-335-2121	4:00 pm	2:00 am	$5 Martinis
Manayunk Tavern	4247 Main Street	267-335-2121	4:00 pm	6:00 pm	$3 Drafts
Manny Brown's	512 South Street	215-627-7427	11:00 am	12:00 am	$1.25 Tacos, $3 Corona & Corona Light
Manny Brown's	512 South Street	215-627-7427	5:00 pm	7:00 pm	Half Priced Drafts, Domestic Bottles, and Well Drinks
McCrossen's Tavern	529 N. 20th Street	215-854-0923	5:00 pm	7:00 pm	$2 Off Draft Beers; $5 Select Wines; $6 Select Cocktails; $3-$7 Bar Snacks
McGillin's Olde Ale House	1310 Drury Street; 19107	(215) 735-5562	11:00 am	2:00 am	$6.50 PBR pitchers and $8.50 Bud Light, Miller Lite, and Yuengling Light pitchers, and $1 mugs of Throwback Beer (starting at 5 PM until the keg is gone); $0.35 jumbo wings and $4.50 pickle backs
Memphis Taproom	2331 E. Cumberland Street	215-425-4460	4:00 pm	6:00 pm	$1 off all draft beers inside the bar and cans out in the Beer Garden
Milkboy	1100 Chestnut St		12:00 pm	1:00 am	$6 City Wides and $5 shots
Milkboy	1100 Chestnut St		4:00 pm	7:00 pm	$2 off draught beers, wine, and specialty cocktails and $5 well drinks
Misconduct Tavern	1511 Locust Street	(215) 732-5797	4:30 pm	7:00 pm	$5.50 Drafts Beers and Wine; $7 Cocktails
Mix Pizzeria & Bar	2101 Chestnut Street	215-568-3355	5:00 pm	7:00 pm	$2 PBR and Rolling Rock, $3 drafts, and $4 select wines and mixed drinks
Mixto	1141 Pine Street	(215) 592-0363	4:30 pm	6:30 pm	$5 Classic Mojitos, Margaritas, and Caipirinhas, $5 House Wines, $3 Latin Bottled Beers and Select Drafts, $2 Tilapia Ceviche Shooters, $5 Bites
Moriarty's	1116 Walnut Street	(215) 627-7676	5:00 pm	7:00 pm	All drafts $3 and $5
National Mechanics	22 S 3rd Street	(215) 701-4883	5:00 pm	7:00 pm	$3 off Most Pitchers; $2 off Specials Drinks; $1 off Most Pints
New Deck Tavern	3408 Sansom St; 19104	(215) 386-4600	5:00 pm	7:00 pm	$1 Off All Drinks; $5 Apps
New Delhi	4004 Chestnut Street	215-386-2125	4:00 pm	6:00 pm	$1 off beer and cocktails
New Wave Cafe	784 S 3rd St	(215) 922-8484	4:00 pm	6:00 pm	$1 Off All Food & Drinks
Nick's Bar & Grill - Old City	16 S. 2nd Street	215-928-9411	4:00 pm	7:00 pm	$1.75 Domestic Drafts; $5 App Menu
Nomad Roman	1305 Locust Street	215-644-9287	4:30 pm	6:30 pm	$5 bar pizzas; $4 draft beer specials; $5 select wine glasses; $25 select wine bottles
O'Neals Pub	611 S 3rd Street	(215) 574-9495	4:30 pm	8:30 pm	Half priced select beers and drinks and $5 apps, downstairs only
O'Neals Pub	611 S 3rd Street	(215) 574-9495	6:30 pm	2:00 am	$3.50 Mexican Import Bottles & Margaritas
Ocean Prime	124 S. 15th Street	215-563-0163	4:30 pm	6:30 pm	$5 beers and select appetizers, $10 specialty cocktails and select wines
Oh	1907 Sansom Street	215-568-7071	5:00 pm	7:00 pm	$3 Lagers and Miller Lites; $4 Cosmos, Wine, Well Drinks, and Margaritas; $3 & $4 Small Plates
Old Eagle Tavern	177 Markle Street	215-483-5535	5:00 pm	7:00 pm	1/2 Price Drafts, $2 Domestic Bottles
Opa	1311 Sansom St	(215) 545-0170	5:00 pm	7:00 pm	$3 select craft beers, $4 house wines, $5 specialty cocktails
Opa	1311 Sansom St	(215) 545-0170	10:00 pm	11:00 pm	$3 select craft beers, $4 house wines, $5 specialty cocktails
Ortlieb's Lounge	847 N 3rd Street	267-324-3348	6:00 pm	8:00 pm	$3 Domestic Drafts, $4 Crafts, $9 Domestic Pitchers, $12 Craft Pitchers, $1 Tacos
Out of Wack Jack's	3156 Willits Road	215-969-9433	4:00 pm	6:00 pm	$1.50 domestic pints
Oyster House	1516 Sansom Street	(215) 567-7683	5:00 pm	7:00 pm	$1 oysters, $3 shooters, $3 drafts and $5 punch
P.Y.T.	1050 N. Hancock Street	(215) 964-9009	5:00 pm	7:00 pm	$3 Yuengling Drafts; $3 Craft Beer Cans; $3 House Wine; $5 Bar Snacks
Paddy Whack's Irish Sports Pub NE	9241 Roosevelt Blvd	(215) 464-7544	11:00 am	2:00 am	$6 Bud Light Pitchers
Paddy Whack's Irish Sports Pub NE	9241 Roosevelt Blvd	(215) 464-7544	4:00 pm	6:00 pm	$3 Guinness; $3 crafts; $2 well drinks; $1.50 domestic pints & 1/2 price appetizers
Paddy Whacks	150 South Street	215-464-7544	4:00 pm	6:00 pm	$3 Guinness pints and crafts, $2 well drinks, $2 domestic pints and bottle and 1/2 price appetizers
Pagano's Market and Bar	2001 Market Street	215-523-6200	4:00 pm	6:00 pm	$3 selected beer; $5 wine; $5 Martini; $5 Manhattans
Panorama	14 N Front Street	215-922-7800	5:00 pm	7:00 pm	At the Wine Bar: $5 off every wine tasting flight, $5 select wines, $4 select beers and $4 off signature cocktails; half off appetizer menu
Pattaya Grill	4006 Chestnut Street	215-387-8533	5:00 pm	7:00 pm	$4 wine and cocktails, $1 off select beer
Percy Street Barbeque	900 South Street	(215) 625-8510	5:00 pm	6:30 pm	Special food and drink menu
Pinocchio's	131 E Baltimore Pike	610-566-7767	12:00 am	12:00 am	All you can eat pizza and soda or pasta and salad for $7.59; $1.50 domestic bottles; $3 Heineken, Heineken Light, and Amstel Light bottles
Pinocchio's	131 E Baltimore Pike	610-566-7767	4:00 pm	6:00 pm	1/2 Price Drafts and Mixed Drinks; $5 Apps
Pod	3636 Sansom Street	215-387-1803	9:00 pm	10:00 pm	$6 cocktails; $6 wine; $4 beer; $5 bites
Positano Coast	212 Walnut Street	(215) 238-0499	5:00 pm	7:00 pm	$4 Yuengling Lager, Miller Lite, Peroni; $6 signature cocktails (Positano Lemon Drop, Red Sangria, Bartender's Choice); $5 wines by the glass
Prime Stache	110 Chestnut Street	267-886-8354	5:00 pm	7:00 pm	$1 off Drafts; $2 off Cocktails; $5 Apps
Prohibition Taproom	501 N 13th Street	(215) 238-1818	5:00 pm	7:00 pm	$7 wines and specialty cocktails, $4 draft pints and $1 off small plates
Pub & Kitchen	1946 Lombard Street	215-545-0350	4:00 pm	6:00 pm	$20 Select Bottles of Rose $5 You Call It Old Fashioneds (choose mezcal, whiskey or rum)and P&K Pils  $10 Cheese Plate 1/2 Priced Oysters $7.95 "Almost Famous Happy Hour Burger"
Pub on Passyunk East	1501 Passyunk Avenue	215-755-5125	4:00 pm	6:00 pm	1/2 price drafts, $1 off well drinks
Pub Webb	1527 Cecil B Moore Avenue	267-687-8256	4:00 pm	6:00 pm	$3 select drafts, $4 mixers and $6 flavored Long Islands; half off all fries and special food menu
Queen of Sheba	4511 Baltimore Avenue	215-382-2099	11:00 am	12:00 am	$4 Citywide special
R2L	50 South 16th Street	(215) 564-5337	4:30 pm	6:30 pm	$3 Corona, Miller Light, & Yuengling, $4 Heineken & Heineken Light, $7 rotating wine selections, $8 select cocktails; small bite menu
Raw Lounge	1225 Sansom Street	215-238-1903	4:30 pm	6:30 pm	$3 Select Draft Beer; $4 House Wines; $5 Select Cocktails/1&1s
Red Owl Tavern	433 Chestnut Street	215-923-2267	5:00 pm	7:00 pm	$3-$4 Brewer of the Month Beers, $6 Wines, $7 Specialty Cocktails, $6 Select Apps
Rembrandt's Restaurant & Pub	741 N 23rd Street	215-763-2228	5:00 pm	7:00 pm	$3 drafts, wines, and well drinks and $2 Bud Lights
Rembrandt's Restaurant & Pub	741 N 23rd Street	215-763-2228	9:00 pm	10:00 pm	$3 drafts, wines, and well drinks and $2 Bud Lights
Revolution House	200 Market Street	215-625-4566	5:00 pm	7:00 pm	1/2 off margherita pizzas; 1/2 off drafts; and $5 red and white house wines; $6 rotating specialty cocktail
Rex 1516	1516 South Street	267-319-1366	5:00 pm	7:00 pm	$10 Beer Flight: Choose 3 8Oz Drafts; $5 Bar Bites
ROOT Restaurant + Wine Bar	1206 Frankford Avenue		4:00 pm	6:00 pm	$5 Snacks & Toast $6 Sangria & Special Wine $8 Gin & Tonic $7 Cheese & Salumi Plate
Rotten Ralph's	201 Chestnut Street	(215) 925-2440	4:00 pm	6:00 pm	Food and drink specials
Royal Tavern	937 E Passyunk Avenue	(215) 389-6694	4:00 pm	6:00 pm	1/2 price drafts, $3 well drinks
Saint Lazarus Bar	102 W Girard Avenue	267-978-4510	5:00 pm	7:00 pm	$3 Well Mixed Drinks; $2 Tequila Shots; $1 off Domestic Bottles; Check Facebook for Taco Tuesday Specials
Saint Lazarus Bar	102 W Girard Avenue	267-978-4510	10:00 pm	11:00 pm	$2 Well Vodka Cocktails; $1 off Select Domestic Bottles
Sampan	124 S 13th	215-732-3501	4:00 pm	7:00 pm	$4 select beers, specialty cocktails and house wines, $9 select cocktails, discounted select sakes and $25 scorpion bowls
Sassafras	48 S 2nd Street	215-925-2317	5:00 pm	7:00 pm	$5 house wine, $5 well drinks, $4 selected drafts, $3 domestic bottles
Seafood Unlimited	270 South 20th Street	215-732-9012	5:00 pm	9:30 pm	$3 Yuengling drafts, $5 select cocktails and wines, special bar menu
Shenanigans Original	3133 Gaul St.	215-423-7878	11:00 am	2:00 am	$1.50 pints of PBRs and Rolling Rocks and $1 Lionshead pints
Shenanigans Original	3133 Gaul St.	215-423-7878	4:00 pm	6:00 pm	$1.50 domestic pints and $2 domestic cans and bottles
Shenanigans Saloon	1624 N. Front St.	267-324-5857	11:00 am	2:00 am	$2 Kenzinger pints and $2 tacos
Shenanigans Saloon	1624 N. Front St.	267-324-5857	4:00 pm	6:00 pm	$2 Coors Light and Yuengling pints, $4 select craft drafts
Sidecar Bar	2201 Christian Street	(215) 732-3429	4:00 pm	7:00 pm	7 Til 7 Specials: 1/2 Price on Seven Rotating Drafts; $4  Seasonal Cocktails; $7 Nachos or Two Carnitas
Sidecar Bar	2201 Christian Street	(215) 732-3429	10:00 pm	1:00 am	$10 Burgers
Silk City	N 5th Street & Spring Garden Street	(215) 592-8838	5:00 pm	7:00 pm	$1 Off All Drafts
Slainte Pub & Grill	3000 Market St; 19104	(215) 222-7400	5:00 pm	7:00 pm	$1 off all pints, bottles and pitchers of beer, $1 off all well, call and top shelf liquor drinks, and $1 off all wines by the glass; $5 select appetizer menu
Slate	102 S 21st St	215-568-6886	5:00 pm	7:00 pm	Discounted drinks
Smiths Restaurant & Lounge	39-41 S 19th Street	267-546-2669	5:00 pm	7:00 pm	$5 Bulleit and Ketel One drinks, $10 carafe of wine, and $1 off all draft beers
Smokey Joe's	210 South 40th Street	215-222-0770	3:00 pm	6:00 pm	$2.50 pints, $7.50 pitchers and $15 pizza and pitcher
Smokin' Betty's	116 S. 11th Street	(215) 922-6500	5:00 pm	7:00 pm	$3 Yuenglings and featured drafts, $4 house wines and well drinks, and $5 seasonal Sangria and Lemonade; Food menu is $3-6
South	600 N. Broad Street	215-600-0220	4:00 pm	7:00 pm	$4-$7 Beer, Wine and Select Cocktails  $4-7 Food Specials
South Philly Tap Room	1509 Mifflin Street	215-271-7787	4:00 pm	6:00 pm	1/2 off local drafts and appetizers
Southgate	1801 Lombard Street	215-560-8443	5:00 pm	7:00 pm	$4 Sapporo $6 Wine & Sangria $5 City Wide (Sapporo + Shot of Soju)  $3 Spicy Fries $4 Fried Green Tomatoes $6 Fried Chicken Sandwich
Square 1682	121 South 17th Street	215-563-5008	5:00 pm	7:00 pm	$3 Beer: Yuengling and Bud Light $5 Wine: Chardonnay, Cabernet, Rose, Sparkling $7 Cocktail: French 75, Black Rose, Venus as a Boy  $7 Sliders and Fries: Custom blend burger; Chipotle Blackbean Burger; Curried         Chicken Salad
St. Stephen's Green	1701 Green St	(215) 769-5000	4:00 pm	7:00 pm	$3 Domestic Bottles, $4 Select Drafts, $4 Well Drinks, $5 Wines, $5, $4, and $3 App Menu
Standard Tap	901 N 2nd Street	215-238-0630	4:00 pm	6:00 pm	1/2 off weekly featured cocktail (rotating), 1/2 off weekly featured brewery beers (rotating), discount happy hour snacks
Stateside	1536 E. Passyunk Avenue	215-551-2500	5:00 pm	7:00 pm	1/2 priced drafts, buck-a-shuck-oysters, whiskey specials
Sto's Bar	236 Market Street	267-687-8653	12:00 pm	2:00 am	$4 for 2 Tacos; $2 Tequila Shots; $3 Select Pints; $8 Rolling Rock Pitchers; $10 Walt Wit Pitchers
Strangelove's	216 S. 11th Street		11:30 am	3:00 pm	$15 for 2 courses and a non-alcoholic beverage (dine-in only)
Strangelove's	216 S. 11th Street		5:00 pm	7:00 pm	$4 select American drafts and house wines and $5 well drinks; food specials
Strangelove's	216 S. 11th Street		11:00 pm	12:00 am	$4 select American drafts and house wines, $5 well drinks
SuGa	1720 Sansom Street	215-717-8968	5:00 am	7:00 am	Featured: Cocktail $7 - Wine $6 - Beer $4 - Sake $5  Food: $5 ea. Popcorn Pork Ravioli, Scallion Pancakes, Seaweed Salad, Coleslaw $7 ea. Tongpo Pork Bao Bun, Szechwan Dan Dan Noodles
Supper	926 South Street	215-592-8180	5:30 pm	7:30 pm	$4 select beers; $5 house wines; $2 off specialty cocktails;$12 snack packs - select any 3 snacks listed on menu for $12
T. Hogans	5109 Rochelle Avenue	215-482-8583	3:30 pm	7:30 pm	$3 domestic drafts, bottles, and well drinks, $3 margaritas, $2 sangria
Tabu Lounge & Sports Bar	200 S 12th Street	(215) 964-9675	11:00 am	12:00 am	$3.50 Coronas and Corona Lights; $2 and $3 soft tacos and $5 nachos
Tabu Lounge & Sports Bar	200 S 12th Street	(215) 964-9675	5:00 pm	7:00 pm	$1 off All Drinks
Tabu Lounge & Sports Bar	200 S 12th Street	(215) 964-9675	7:00 pm	9:00 pm	Free Select Draft w/Purchase of Any Burger of Sandwich
Taproom on 19th	2400 S. 19th Street	267-687-7817	11:00 am	2:00 am	Taco Tuesday:  $1 tacos, $2 Tecates and $5 Margaritas
Taproom on 19th	2400 S. 19th Street	267-687-7817	5:00 pm	7:00 pm	$2 off all draughts, $1 off all cans and bottles and $5 Jamesons; Half-priced wings and $2 Tap Burgers
Tattooed Mom	530 South Street	(215) 238-9880	12:00 pm	10:00 pm	Taco Tuesday: $1 beef or vegetarian bean tacos.
Tattooed Mom	530 South Street	(215) 238-9880	5:00 pm	7:00 pm	1/2 Off All Drafts
Tattooed Mom	530 South Street	(215) 238-9880	10:00 pm	11:00 pm	1/2 Off All Drafts
Tavern on Broad	200 S. Broad Street	(215) 546-2290	5:00 pm	8:00 pm	1/2 Off All Drinks
Tavern on Camac	243 S Camac Street	(215) 545-0900	6:00 pm	8:00 pm	$2.50 off beers, $2 off everything else
Tavern on the Hill	8636 Germantown Avenue	215-247-9948	5:00 pm	7:00 pm	1/2 priced drafts, $4 house wines by the glass
Tavola Restaurant + Bar	400 W Sproul Road	610-543-2100	4:00 pm	6:00 pm	$2.50 Shock Top, Bud Light, and Miller Lite drafts, $6 house red and white wine, and $1 off well drinks
Tavola Restaurant + Bar	400 W Sproul Road	610-543-2100	6:00 pm	10:00 pm	$5.50 Absolute cocktails
Tequilas Restaurant	1602 Locust St	(215) 546-0181	2:00 pm	6:30 pm	$4 drafts and bottled craft Mexican beers, $5 select wines by the glass, $6 traditional Sangria, Margaritas and mixed drinks, $7-9 select cocktails and tequilas, and $40 pitchers of house Sangria and Margarita
Teresa's Next Door	126 North Wayne Avenue	610-293-9909	11:30 am	3:30 pm	9 items for under $9 each
Teresa's Next Door	126 North Wayne Avenue	610-293-9909	4:00 pm	6:00 pm	$3 Select American drafts, $5 Select Belgian drafts, $3 off all wine by the glass
The Franklin Bar	112 S. 18th Street	267-467-3277	5:00 pm	7:00 pm	$10 Extra Credit Cocktails
The Grog Grill	863 West Lancaster Avenue	610-527-5870	4:00 pm	6:00 pm	$4 Drafts, $2 Yeungling, $4 Wine, Half Price Apps
The Grog Grill	863 West Lancaster Avenue	610-527-5870	8:00 pm	12:00 am	
The Olde Bar	125 Walnut Street	215-253-3777	5:00 pm	7:00 pm	Buck-a-Shuck Oysters & Bar Specials
The Plough & the Stars	123 Chestnut Street	215-733-0300	5:00 pm	7:00 pm	$3 Bud & Miller Lites, $4 craft beer $4.50 house merlot and chardonnay, $5 Bites
Time	1315 Sansom Street	215-985-4800	5:00 pm	7:00 pm	$5 house wines and select cocktails, $3 select seasonal drafts and $1 off all other drafts, $3-6 bar menu
Tinto	114 S. 20th Street	215-665-9150	5:00 pm	7:00 pm	$5 sangria and $7 house wine; $5 tapas
Tir Na Nog	1600 Arch Street; 19103	(267) 514-1700	5:00 pm	7:00 pm	$2 off all wines, $3 Yeunglings, Bud Lights and Miller Lite bottles, $4 Victory seasonals, Brooklyn Brown Ales and well drinks; half price select appetizers
Tria Washington Square West	1137 Spruce Street	215-629-9200	5:00 pm	7:00 pm	1 White Wine, 1 Red Wine, 1 Cheese plate, and 2 Beers all priced at $5 (a considerable discount) each!
Twenty Manning Grill	261 S 20th St		5:00 pm	7:00 pm	$3 Drafts, $7 Wines by the Glass
Twisted Tail, The	509-511 S. 2nd Street	215-558-2471	5:00 pm	7:00 pm	$3 select drafts, $4 house wines and specialty cocktail menu; $4-6 small plates
Union Transfer	1026 Spring Garden Street	215-232-2100	9:00 pm	12:00 am	Post-Show Happy Hour (Start Time Varies): $2 Miller High Life Drafts, $3 Three Olives Drinks, $4 Jack Daniels Drinks
Urban Farmer	1850 Benjamin Franklin Parkway	(215) 963-2788	3:00 pm	6:00 pm	$5.00 Red and White Wine $5.00 Specialty Cocktails $3.00 Local Draft Selection *Food Specials*
Urban Saloon	2120 Fairmount Avenue	215-232-5359	5:00 pm	7:00 pm	$3 Domestics; $4 Craft & Import Beers; $5.50 House Wines
Valanni	1229 Spruce Street	215-790-9494	5:00 pm	7:00 pm	$5 Specialty Cocktails, $5 Skyy Vodka Infusions and Well Drinks, $5 Select Red and White Wines; Half-Price Mason Jars; Buck-A-Shuck Oysters, Half-Price Tapas
Vango Lounge and Skybar	116 S 18th Street	215-568-1020	5:00 pm	7:00 pm	$4 Beer, $5 Mixed Drinks, $5 Wine, 1/2 Priced Appetizers
Varga Bar	941 Spruce St	(215) 627-5200	4:00 pm	6:00 pm	1/2 Off Draft Beers, Cocktails, Chardonnay, & Cabernet
Vedge	1221 Locust Street	215-320-7500	5:00 pm	7:00 pm	$7 cocktails and wines by the glass, $6 Sangria, $4 Pilsner and Lager pints and $5-7 bar snacks
Vesper	223 South Sydenham Street	267-603-2468	5:00 pm	7:00 pm	$4 Drafts $8 Cocktails $10 Wine Carafe $5 Ketel & Bulleit mixed drinks $6 Appetizers
Victoria Freehouse, The	10 S. Front Street	215-543-6089	4:00 pm	7:00 pm	$4, $5, $6, $7 specials
Victoria Freehouse, The	10 S. Front Street	215-543-6089	9:00 pm	11:00 pm	Industry food & drink specials
Vintage Wine Bar and Bistro	129 S 13th Street	(215) 922-3095	4:00 pm	6:00 pm	$3 High Life or lagers, $4 house wines, $5 bubbly or sangria, $3-7 select small plates
Watkin's Drinkery	1712 S 10th Street	215-339-0175	5:00 pm	7:00 pm	1/2 price on all drafts
Westy's	1440 Callowhill Street	215-563-6134	3:00 pm	7:00 pm	$3 High Life, PBR, and domestic bottles, $4 imported bottles and well drinks, $4 and $5 select craft drafts
White Dog Cafe	3420 Sansom Street	215-386-9224	4:00 pm	7:00 pm	$4 select drafts and $5 select wines and cocktails; Discounted food and snack menu
Winnie's Le Bus	4266 Main Street	215-487-2663	5:00 pm	7:00 pm	$3 Drafts, $4 Red or White Sangria, $5 House Wine & House Martinis
Woody's Bar	202 S 13th Street; 19107	(215) 545-1893	5:00 pm	7:00 pm	$3 select drafts and house wines, $4 well drinks and $6 Absolute drinks
Woolly Mammoth	430 South Street	215-923-8780	5:00 pm	7:00 pm	$1 off drinks, 1/2 price appetizers
World Cafe Live	3025 Walnut Street	(215) 222-1400	5:00 pm	6:00 pm	$2 Yuengling bottles, $3 Yuengling drafts, $4 select drafts and house wines, $5 well drinks, $6 Red Bull & Vodka, $8 Yuengling pitchers; $3-5 apps
World Cafe Live	3025 Walnut Street	(215) 222-1400	10:00 pm	11:00 pm	$2 Yuengling bottles, $3 Yuengling drafts, $4 select drafts and house wines, $5 well drinks, $6 Red Bull & Vodka, $8 Yuengling pitchers; $3-5 apps
Wrap Shack	120 S 18th Street	215-569-1666	5:00 pm	7:00 pm	$2 off select drafts, $6 punch and $7 select cocktails; $5 wrap menu
Wrap Shack	120 S 18th Street	215-569-1666	7:00 pm	2:00 am	$3 Miller High Life and PBR pounders
Xochitl	408 South 2nd Street	(215) 238-7280	5:00 pm	7:00 pm	$6 Xochitl Margaritas; $3 Draft Beers; $5 Bar Menu
Yakitori Boy	211 N. 11th Street	(215) 923-8088	5:00 pm	2:00 am	$3 Domestic Drafts; $4 Imported Drafts, Wines, Shots, Stoli Cocktails; $6 Signature Cocktails
Yakitori Boy	211 N. 11th Street	(215) 923-8088	6:00 pm	8:00 pm	$3 Domestic Drafts; $4 Imported Drafts, Wines, Shots, Stoli Cocktails; $6 Signature Cocktails
Zahav	237 St. James Place	215-625-8800	5:00 pm	7:00 pm	$3 Select Beer(s), $4 off Specialty Cocktails, $3 off Select Wines, 1/2 Off Hummus; Bar Only
Zavino	112 S 13th Street	(215) 732-2400	4:30 pm	6:30 pm	$3 Draft Beer, $5 featured wine by the glass, $8 Margherita Pizza
Zavino- University City	3200 Chestnut Street	215-823-6897	4:30 pm	6:30 pm	$2 Narragansett; $3 Bartender's Choice Beers; $4 Wines; $5 Zavino Cocktail; $4-$7 Bar Snacks
